input,cores,chunk_size,run1s1,run1s2,run1e1,run1e2,run2s1,run2s2,run2e1,run2e2,run3s1,run3s2,run3e1,run3e2,run4s1,run4s2,run4e1,run4e2,run5s1,run5s2,run5e1,run5e2
15000,1,1,6.243965,6.320495,5.139976,5.139386,6.209224,6.230314,5.141325,5.138034,6.219499,6.289867,5.141222,5.172299,6.206213,6.201635,5.172276,5.143771,6.200358,6.277047,5.138941,5.139219
15000,1,10,6.279826,6.288109,5.174507,5.140845,6.203456,6.289822,5.139073,5.139314,6.255228,6.211189,5.139531,5.141116,6.254760,6.202146,5.154521,5.139984,6.284792,6.200916,5.139188,5.173591
15000,1,16,6.280982,6.202827,5.141785,5.139618,6.282179,6.250076,5.141257,5.140289,6.208776,6.201480,5.142509,5.139500,6.218709,6.205933,5.138495,5.139098,6.290319,6.238699,5.139750,5.140668
15000,1,32,6.266059,6.236909,5.138820,5.139508,6.200793,6.201256,5.141172,5.139923,6.278906,6.206793,5.139408,5.142859,6.202835,6.276229,5.139549,5.139813,6.264593,6.203581,5.140396,5.139624
15000,1,64,6.258915,6.200509,5.143176,5.140822,6.278264,6.202409,5.138087,5.143411,6.278450,6.199884,5.140755,5.141091,6.208398,6.201752,5.139773,5.179037,6.221271,6.203151,5.138984,5.139533
15000,1,128,6.224687,6.205322,5.139604,5.140581,6.212387,6.279918,5.141315,5.138069,6.272928,6.204772,5.140305,5.138271,6.216032,6.302426,5.172474,5.134405,6.283431,6.222293,5.138983,5.143769
15000,1,256,6.277996,6.220630,5.140652,5.139252,6.282560,6.204248,5.138703,5.146628,6.209838,6.205732,5.139281,5.140175,6.259370,6.207276,5.139842,5.137732,6.282372,6.222014,5.139848,5.139280
15000,1,512,6.281276,6.205299,5.142271,5.139665,6.199612,6.205226,5.140125,5.137819,6.278584,6.204270,5.140720,5.182420,6.214905,6.206513,5.138980,5.137589,6.233694,6.207586,5.139772,5.141484
15000,1,1024,6.404029,6.203801,5.139740,5.139305,6.235032,6.208741,5.138777,5.137322,6.279929,6.265514,5.138806,5.140429,6.278998,6.207269,5.139895,5.138022,6.218570,6.205404,5.139870,5.138164
15000,1,2048,6.226067,6.203041,5.140733,5.144895,6.281206,6.205838,5.139138,5.139042,6.269301,6.203476,5.139253,5.139266,6.206444,6.206365,5.140135,5.137242,6.371348,6.247755,5.143956,5.141842
15000,1,4096,6.316403,6.208645,5.141143,5.141184,6.247667,6.251066,5.139028,5.174391,6.238111,6.205445,5.140915,5.140694,6.210802,6.212046,5.140046,5.140427,6.287280,6.206224,5.139252,5.139684
15000,2,1,3.387015,3.375302,5.139179,5.138568,3.409626,3.370307,5.137647,5.170888,3.362206,3.370259,5.137965,5.138946,3.370168,3.377098,5.137773,5.138960,3.331573,3.371631,5.136760,5.141934
15000,2,10,3.375783,3.365210,5.141681,5.139788,3.397979,3.419437,5.142663,5.139223,3.368588,3.367591,5.137434,5.180598,3.379499,3.412124,5.139037,5.220480,3.325706,3.456820,5.212896,5.203032
15000,2,16,3.729455,3.436962,5.192902,5.202942,3.310190,3.456249,5.198736,5.224109,3.334726,3.470745,5.207051,5.203930,3.426263,3.684622,5.211873,5.244294,3.437977,3.501759,5.161330,5.196755
15000,2,32,3.803916,3.484364,5.202468,5.188260,3.725811,3.461735,5.139358,5.138288,3.429550,3.389235,5.139227,5.137821,3.377656,3.424206,5.138002,5.138264,3.381422,3.399419,5.138176,5.176255
15000,2,64,3.369076,3.388183,5.139013,5.138803,3.363797,3.370998,5.138458,5.139310,3.378042,3.382183,5.138904,5.144473,3.365553,3.393490,5.138048,5.227783,3.359109,3.462958,5.418470,5.138705
15000,2,128,3.389322,3.386199,5.138849,5.182214,3.424680,3.387875,5.136931,5.136464,3.405345,3.359434,5.136161,5.136171,3.389543,3.368066,5.136848,5.139906,3.395171,3.419244,5.137416,5.137471
15000,2,256,3.416155,3.392991,5.137478,5.140867,3.404624,3.429207,5.137912,5.182932,3.424779,3.395898,5.136705,5.137082,3.420049,3.411062,5.136484,5.138775,3.432918,3.378510,5.136316,5.138064
15000,2,512,3.375819,3.417792,5.137676,5.137070,3.367414,3.410181,5.137998,5.136686,3.387483,3.466574,5.137641,5.187377,3.405908,3.470614,5.137109,5.137779,3.402208,3.424782,5.139291,5.140238
15000,2,1024,3.654154,3.454154,5.152889,5.137106,3.685516,3.464803,5.341225,5.371258,3.773011,3.488770,5.137809,5.422456,3.697982,3.520896,5.382592,5.140530,3.790472,3.436519,5.425019,5.137472
15000,2,2048,3.545444,3.497304,5.137630,5.137556,3.547662,3.499115,5.145530,5.136890,3.539808,3.464905,5.137467,5.137643,3.585144,3.541148,5.139533,5.144018,3.555797,3.506533,5.181398,5.138498
15000,2,4096,4.225170,3.680005,5.137306,5.139889,4.243286,3.673270,5.138380,5.138356,4.273233,3.699517,5.137381,5.137456,4.251703,3.694466,5.136476,5.139696,4.242961,3.715556,5.138240,5.139727
15000,4,1,1.797909,1.919851,5.135210,5.138219,1.777431,1.893141,5.141096,5.132168,1.829379,1.832738,5.137677,5.137414,1.861055,1.836612,5.138424,5.140162,1.817008,1.786549,5.138775,5.135455
15000,4,10,1.854404,1.841916,5.138392,5.146707,1.821773,1.851475,5.137801,5.132594,1.854926,1.821474,5.175391,5.136810,1.973554,1.866715,5.158865,5.510048,1.909625,1.890753,5.551108,5.902326
15000,4,16,1.795166,1.978264,5.226586,5.513449,1.927222,1.982119,5.137494,5.511170,2.066581,1.959919,5.139046,5.497910,1.788671,1.959226,5.198540,5.554220,1.974581,1.958859,5.199014,5.539267
15000,4,32,1.739383,1.750575,5.184938,5.204733,2.005187,1.841825,5.196557,5.343379,1.735744,1.946074,5.230573,5.245337,1.956281,2.038217,5.226332,5.588242,1.962117,1.938618,5.160398,5.215712
15000,4,64,1.987413,1.993362,5.178246,5.574345,1.986932,2.028880,5.218026,5.169687,1.980273,1.967952,5.226338,5.130545,1.841952,1.991789,5.138044,5.534073,1.914080,2.090937,5.138485,5.500838
15000,4,128,1.880742,2.032080,5.604984,5.138204,1.803798,2.027326,5.167837,5.507430,1.822612,2.010614,5.133803,5.548572,1.867713,1.993811,5.135735,5.512799,1.863168,2.018185,5.137256,5.506992
15000,4,256,1.920611,2.084766,5.134825,5.510801,1.844812,2.042188,5.142666,5.525948,1.856746,2.039159,5.135119,5.497389,2.118040,2.093486,5.132550,5.507555,1.808826,2.042618,5.132418,5.544767
15000,4,512,1.953897,2.146265,5.132526,5.505368,2.044130,2.098414,5.137533,5.506090,2.020633,2.241577,5.133138,5.496649,1.992704,2.145481,5.134015,5.503070,1.978440,2.138320,5.131768,5.508301
15000,4,1024,2.039807,2.228953,5.140455,5.503370,1.943902,2.192104,5.156637,5.505608,2.010610,2.263245,5.137306,5.506279,1.985852,2.188865,5.133741,5.505763,1.950820,2.186188,5.132471,5.504937
15000,4,2048,2.575397,2.594538,5.139668,5.507033,2.634675,2.565373,5.136318,5.503338,2.709822,2.617294,5.133305,5.504479,2.665797,2.583865,5.137534,5.496298,2.773679,2.582050,5.138306,5.503369
15000,4,4096,2.560953,2.872457,5.137320,5.507665,2.539468,2.884764,5.132645,5.495088,2.558931,2.885330,5.137572,5.507128,2.539477,2.960292,5.137320,5.504265,2.541107,2.908207,5.179897,5.500819
15000,8,1,0.996702,0.985573,5.136017,5.147786,0.996012,0.991762,5.135760,5.150883,0.995372,0.994364,5.136483,5.148551,0.993645,0.995865,5.132493,5.150614,0.993887,0.995776,5.160726,5.138750
15000,8,10,0.994538,0.998972,5.147237,5.141011,0.995862,1.002699,5.150591,5.138269,0.998960,0.999073,5.147535,5.137806,0.991833,1.000020,5.151357,5.138371,0.995496,1.001597,5.148998,5.139132
15000,8,16,0.996947,1.001983,5.155606,5.138040,1.002991,0.999084,5.149798,5.139382,0.997046,0.999013,5.159909,5.133652,1.001453,1.007536,5.148045,5.133515,1.000256,1.006017,5.152667,5.139877
15000,8,32,1.008852,1.002367,5.144697,5.132839,1.006762,1.006909,5.155991,5.134043,1.004376,1.008072,5.145687,5.132292,1.003009,1.004370,5.160209,5.138198,1.003452,1.007407,5.146303,5.139700
15000,8,64,1.003309,1.021038,5.146207,5.140775,1.000695,1.020729,5.146944,5.132511,1.004654,1.015779,5.144149,5.168760,1.002799,1.019748,5.143659,5.140532,1.002846,1.022988,5.143701,5.139584
15000,8,128,1.063631,1.053792,5.141971,5.144789,1.061454,1.047763,5.143947,5.145911,1.064092,1.040888,5.144050,5.169447,1.063472,1.048655,5.142597,5.134425,1.061694,1.047030,5.142233,5.139804
15000,8,256,1.076148,1.091665,5.143782,5.163982,1.077687,1.075998,5.141983,5.138022,1.085938,1.088265,5.145998,5.133685,1.074911,1.079187,5.141595,5.139361,1.079942,1.082204,5.143916,5.133736
15000,8,512,1.095223,1.206094,5.143373,5.139394,1.105022,1.198723,5.143668,5.135495,1.106563,1.210994,5.141723,5.137841,1.104020,1.193090,5.195162,5.133216,1.103511,1.202913,5.145060,5.137750
15000,8,1024,1.435929,1.373954,5.145515,5.139949,1.447958,1.366843,5.142801,5.134622,1.434975,1.381894,5.135905,5.140923,1.473764,1.357798,5.137531,5.140953,1.462343,1.373645,5.138912,5.139280
15000,8,2048,1.863640,1.820462,5.134779,5.141021,1.823958,1.837145,5.138216,5.141549,1.871682,1.826798,5.142480,5.140881,1.856857,1.828125,5.136708,5.142670,1.830824,1.849288,5.134476,5.137489
15000,8,4096,2.764151,2.705624,5.138728,5.141138,2.692297,2.698831,5.136500,5.154778,2.801578,2.705615,5.132926,5.187763,2.802661,2.709009,5.139612,5.141351,2.779366,2.788347,5.137853,5.140455
15000,12,1,0.560146,0.655569,5.129593,5.130355,0.568703,0.593204,5.129424,5.135523,0.569745,0.606044,5.130130,5.130550,0.605933,0.638456,5.130098,5.130673,0.606569,0.598052,5.129102,5.130470
15000,12,10,0.557831,0.579408,5.141031,5.130244,0.549887,0.610816,5.129062,5.131304,0.553688,0.649445,5.129756,5.131128,0.609838,0.622805,5.130269,5.129951,0.585752,0.608277,5.129064,5.131142
15000,12,16,0.588665,0.597961,5.130174,5.130014,0.572412,0.624962,5.129133,5.129894,0.564070,0.640790,5.129829,5.131582,0.580957,0.586812,5.129705,5.147790,0.554613,0.667091,5.128808,5.131504
15000,12,32,0.596684,0.648067,5.129407,5.132250,0.571805,0.676408,5.129259,5.130536,0.568791,0.706081,5.130040,5.130923,0.576825,0.655845,5.129134,5.131544,0.568910,0.594374,5.128970,5.129894
15000,12,64,0.578136,0.663485,5.129628,5.129362,0.621136,0.704981,5.128762,5.130232,0.599165,0.649149,5.129463,5.135932,0.646646,0.690409,5.129872,5.129687,0.590801,0.701013,5.129752,5.128513
15000,12,128,0.611028,0.683851,5.129182,5.130072,0.644176,0.605747,5.131116,5.129926,0.595128,0.678252,5.129249,5.132815,0.648445,0.634266,5.128900,5.130205,0.599862,0.639027,5.129415,5.128872
15000,12,256,0.669768,0.667170,5.135499,5.130975,0.669342,0.694719,5.129586,5.131924,0.704666,0.672435,5.129370,5.129483,0.662100,0.673610,5.128938,5.133090,0.672336,0.690496,5.227414,5.134888
15000,12,512,0.791839,0.838755,5.129282,5.132052,0.729381,0.857496,5.130010,5.130938,0.725757,0.764823,5.129480,5.128799,0.809504,0.817247,5.140310,5.131215,0.718472,0.783576,5.129470,5.131818
15000,12,1024,1.145773,0.924771,5.129681,5.132445,0.971069,0.930942,5.128886,5.132478,0.938602,0.922945,5.129936,5.131891,0.961381,0.924725,5.129327,5.131712,0.961503,0.972180,5.130068,5.136198
15000,12,2048,1.553695,1.551354,5.129155,5.128820,1.563794,1.622577,5.130277,5.137045,1.598343,1.552643,5.129524,5.130174,1.554556,1.557196,5.134339,5.132646,1.551795,1.585507,5.127981,5.129952
15000,12,4096,2.383670,2.354553,5.129526,5.129015,2.349626,2.361784,5.129523,5.128962,2.341058,2.429750,5.129022,5.132076,2.366597,2.426497,5.134454,5.129970,2.345436,2.345929,5.130708,5.129775
15000,16,1,0.427127,0.419051,5.134551,5.129161,0.501500,0.422960,5.130096,5.129410,0.509844,0.460695,5.134673,5.129607,0.474521,0.419560,5.131554,5.129328,0.544404,0.430024,5.129767,5.128810
15000,16,10,0.523013,0.431441,5.130493,5.146036,0.492299,0.453708,5.129628,5.136658,0.441556,0.515731,5.128349,5.132103,0.434561,0.471308,5.128838,5.137173,0.422285,0.511597,5.128128,5.131726
15000,16,16,0.437843,0.490197,5.127959,5.136445,0.427414,0.533760,5.128470,5.131198,0.435128,0.499177,5.128180,5.136582,0.447267,0.527864,5.128811,5.131666,0.425253,0.487258,5.136354,5.130384
15000,16,32,0.439454,0.539152,5.131708,5.131378,0.441490,0.488376,5.127879,5.131979,0.440172,0.494018,5.127990,5.130672,0.442344,0.484015,5.128648,5.131646,0.455036,0.548092,5.128256,5.130576
15000,16,64,0.453508,0.523149,5.128471,5.130749,0.444840,0.538741,5.128976,5.130398,0.448163,0.639382,5.128896,5.150928,0.448225,0.479841,5.128794,5.130515,0.446032,0.513616,5.128747,5.130782
15000,16,128,0.452718,0.584636,5.128297,5.130922,0.456453,0.534092,5.128125,5.130634,0.463207,0.600567,5.129070,5.136842,0.476364,0.515594,5.128421,5.130353,0.466845,0.561576,5.128128,5.135913
15000,16,256,0.556180,0.588552,5.128645,5.130656,0.540675,0.601574,5.131038,5.136464,0.533999,0.562582,5.128315,5.131066,0.540174,0.599406,5.128495,5.130780,0.552444,0.596519,5.128712,5.130759
15000,16,512,0.665711,0.682500,5.129914,5.131580,0.664404,0.701408,5.129628,5.131593,0.651628,0.731981,5.128742,5.131708,0.644751,0.703039,5.128993,5.131897,0.638516,0.666086,5.134368,5.131806
15000,16,1024,0.843319,0.837305,5.129231,5.131179,0.825299,0.910933,5.128262,5.131657,0.826861,0.881258,5.129026,5.131772,0.815114,0.842739,5.128080,5.131595,0.839740,0.883499,5.129224,5.131178
15000,16,2048,1.602395,1.632483,5.128548,5.131574,1.562496,1.617499,5.128583,5.130821,1.611513,1.561411,5.134199,5.134698,1.597698,1.553322,5.129118,5.129571,1.584787,1.553631,5.128052,5.135054
15000,16,4096,2.347818,2.343467,5.128141,5.129409,2.341541,2.413194,5.128821,5.129824,2.466270,2.372604,5.127760,5.129655,2.352647,2.364396,5.131428,5.128974,2.378055,2.376207,5.129029,5.134256
15000,20,1,0.395611,0.367986,5.128197,5.128835,0.344408,0.358264,5.128805,5.133535,0.345452,0.356025,5.128674,5.129463,0.360519,0.353321,5.128698,5.129129,0.361178,0.354613,5.127802,5.130009
15000,20,10,0.352416,0.369622,5.128462,5.128975,0.356351,0.363170,5.128146,5.129196,0.377324,0.371862,5.128216,5.134563,0.353958,0.350835,5.128327,5.129747,0.364395,0.359342,5.128115,5.129228
15000,20,16,0.363581,0.393452,5.128230,5.129422,0.351917,0.363413,5.129216,5.129049,0.378845,0.390556,5.128015,5.133988,0.363224,0.392652,5.128764,5.129096,0.374294,0.349789,5.128655,5.135477
15000,20,32,0.379460,0.378554,5.129242,5.129350,0.358510,0.366060,5.138673,5.129400,0.360784,0.365621,5.129048,5.129221,0.355371,0.381607,5.128908,5.129306,0.383591,0.371384,5.129459,5.128439
15000,20,64,0.375457,0.380380,5.128640,5.129477,0.407685,0.384456,5.129156,5.129298,0.389813,0.384233,5.128990,5.129167,0.387176,0.384036,5.128993,5.128773,0.397089,0.384144,5.128600,5.139075
15000,20,128,0.391938,0.395272,5.128279,5.135467,0.427975,0.396982,5.128593,5.128694,0.415133,0.426079,5.128105,5.134813,0.397344,0.414618,5.128260,5.129299,0.408041,0.420385,5.129995,5.135069
15000,20,256,0.458581,0.456719,5.129178,5.129240,0.441390,0.491889,5.128845,5.128886,0.456348,0.464605,5.127964,5.129251,0.430174,0.483193,5.135501,5.129047,0.432709,0.464105,5.128657,5.128846
15000,20,512,0.606243,0.591990,5.127844,5.131876,0.640984,0.568065,5.134609,5.134739,0.570226,0.589203,5.128548,5.129470,0.624175,0.600501,5.139174,5.129007,0.607116,0.589989,5.129734,5.129212
15000,20,1024,0.830955,0.844059,5.129311,5.129298,0.854646,0.847263,5.129189,5.134861,0.860711,0.828087,5.139525,5.129214,0.871382,0.889440,5.129502,5.129571,0.881422,0.885845,5.143134,5.128949
15000,20,2048,1.626410,1.578521,5.133532,5.131777,1.593383,1.568890,5.129189,5.131324,1.579258,1.617747,5.129018,5.130442,1.569938,1.570325,5.135506,5.128919,1.614669,1.606291,5.130735,5.132877
15000,20,4096,2.370770,2.349094,5.129825,5.129379,2.452491,2.382142,5.129409,5.131559,2.426131,2.371532,5.128032,5.132011,2.383709,2.372109,5.128384,5.131106,2.367382,2.362899,5.132046,5.132443
15000,24,1,0.328550,0.324837,5.129185,5.129222,0.460884,0.326834,5.144633,5.135448,0.333492,0.308356,5.129740,5.129523,0.330875,0.309461,5.129780,5.129432,0.332613,0.324967,5.134701,5.129150
15000,24,10,0.373181,0.343034,5.129674,5.129230,0.370040,0.317403,5.134458,5.130205,0.349264,0.314258,5.130124,5.128942,0.355834,0.329583,5.134811,5.128894,0.368350,0.326519,5.129830,5.140365
15000,24,16,0.384957,0.338297,5.127378,5.129918,0.376447,0.335222,5.129971,5.129121,0.398839,0.336982,5.127836,5.129313,0.351560,0.322831,5.129530,5.128986,0.372170,0.332911,5.127720,5.134484
15000,24,32,0.363915,0.331570,5.129048,5.129025,0.388696,0.328385,5.128716,5.134960,0.363309,0.317526,5.129202,5.128991,0.382354,0.324196,5.150436,5.129176,0.326603,0.362323,5.130088,5.129289
15000,24,64,0.393723,0.338495,5.129220,5.129501,0.375853,0.341553,5.135630,5.128841,0.366509,0.372559,5.129629,5.129058,0.406860,0.334639,5.134844,5.128530,0.406966,0.348310,5.131334,5.129148
15000,24,128,0.390557,0.362073,5.134878,5.129295,0.440309,0.369468,5.128858,5.140383,0.384246,0.377377,5.127611,5.129166,0.398357,0.386687,5.129580,5.129952,0.411524,0.366023,5.130120,5.129280
15000,24,256,0.469989,0.423273,5.130376,5.128982,0.471821,0.434825,5.130636,5.133325,0.477655,0.455004,5.129997,5.129125,0.482066,0.431516,5.129959,5.133110,0.454129,0.435822,5.129757,5.129516
15000,24,512,0.539665,0.544142,5.130304,5.134808,0.616353,0.562721,5.130039,5.128817,0.559417,0.532835,5.130198,5.133379,0.571244,0.530615,5.129894,5.129248,0.572049,0.518822,5.129452,5.129302
15000,24,1024,0.891916,0.900340,5.128680,5.129767,0.868744,0.901654,5.134161,5.130062,0.868049,0.833787,5.129092,5.131806,0.822593,0.846379,5.134625,5.129454,0.852412,0.886584,5.129188,5.129374
15000,24,2048,1.640403,1.558319,5.128442,5.130003,1.585638,1.670387,5.128250,5.129957,1.591908,1.633279,5.129284,5.130448,1.659268,1.621692,5.128699,5.131046,1.656929,1.616080,5.128703,5.131785
15000,24,4096,2.369630,2.377148,5.128736,5.145072,2.402970,2.361930,5.128676,5.130738,2.405276,2.431295,5.130516,5.130129,2.349747,2.366850,5.129024,5.131731,2.377528,2.477401,5.128704,5.132270
15000,28,1,0.272409,0.352636,5.128392,5.130968,0.310131,0.347866,5.128447,5.129926,0.275810,0.353233,5.128435,5.129717,0.281617,0.283987,5.131151,5.136725,0.266806,0.289743,5.131055,5.131764
15000,28,10,0.384014,0.271494,5.127946,5.131796,0.266298,0.288294,5.130186,5.128745,0.322797,0.269804,5.130110,5.128527,0.373755,0.280260,5.134193,5.128210,0.318424,0.274330,5.131326,5.129353
15000,28,16,0.353217,0.270789,5.131448,5.128216,0.371717,0.280404,5.131285,5.138781,0.299402,0.273719,5.133443,5.132379,0.281119,0.281261,5.131343,5.127971,0.343517,0.281326,5.130674,5.129785
15000,28,32,0.375520,0.280958,5.131263,5.128621,0.342281,0.286873,5.131594,5.130077,0.298891,0.278381,5.131218,5.129289,0.324915,0.276790,5.131558,5.128631,0.354976,0.290423,5.132306,5.128983
15000,28,64,0.352159,0.301546,5.141693,5.128768,0.363690,0.296489,5.131378,5.128766,0.325915,0.308222,5.131003,5.128958,0.311650,0.302642,5.127833,5.129274,0.432233,0.302003,5.127871,5.128928
15000,28,128,0.413482,0.331683,5.127636,5.129388,0.424374,0.331994,5.129378,5.129010,0.421246,0.336090,5.129312,5.128014,0.396258,0.344635,5.128883,5.129228,0.389029,0.357538,5.128981,5.130174
15000,28,256,0.474386,0.376466,5.129075,5.129446,0.469269,0.369739,5.129323,5.129820,0.460276,0.387289,5.129139,5.129339,0.469829,0.372356,5.129851,5.129220,0.492796,0.370994,5.128913,5.129078
15000,28,512,0.583329,0.468498,5.129100,5.128974,0.604289,0.475368,5.129247,5.129310,0.531789,0.498628,5.143892,5.128653,0.549899,0.476467,5.136198,5.128750,0.526451,0.471447,5.128859,5.128809
15000,28,1024,0.895189,0.913780,5.135528,5.129216,0.930615,0.875332,5.129008,5.128513,0.923336,0.876163,5.134759,5.128514,0.895096,0.826199,5.130897,5.129524,0.906472,0.895215,5.129731,5.128980
15000,28,2048,1.627666,1.583454,5.143754,5.129382,1.724957,1.594114,5.129531,5.129577,1.641148,1.557884,5.129132,5.129752,1.711871,1.564811,5.128771,5.129138,1.568682,1.619786,5.129150,5.129120
15000,28,4096,2.351813,2.351407,5.130371,5.131441,2.366090,2.348072,5.144894,5.129110,2.503619,2.339426,5.142607,5.129513,2.398888,2.391317,5.129213,5.129242,2.370541,2.373320,5.129201,5.129419
15000,32,1,0.298228,0.236625,5.128206,5.129934,0.235188,0.236567,5.133582,5.129342,0.539833,0.232217,5.128085,5.129071,0.250640,0.234577,5.129180,5.129098,0.360401,0.231020,5.128723,5.129110
15000,32,10,0.239483,0.239814,5.140531,5.128887,0.290314,0.237804,5.129173,5.148525,0.249324,0.233804,5.147561,5.128083,0.301047,0.233865,5.128047,5.147037,0.231020,0.236207,5.129171,5.129033
15000,32,16,0.316884,0.256252,5.127936,5.129384,0.248372,0.231903,5.128829,5.129178,0.326520,0.250099,5.127879,5.128943,0.254493,0.238663,5.128913,5.134844,0.393954,0.242227,5.127439,5.133597
15000,32,32,0.249552,0.248702,5.129163,5.128811,0.284522,0.248798,5.130421,5.133589,0.250254,0.253225,5.129015,5.128694,0.320296,0.249408,5.128412,5.142447,0.254434,0.248979,5.142191,5.128310
15000,32,64,0.314341,0.267415,5.129825,5.143862,0.258910,0.258921,5.143994,5.128768,0.351429,0.262407,5.127690,5.178149,0.264931,0.257892,5.133976,5.129258,0.310645,0.272995,5.127945,5.144759
15000,32,128,0.295940,0.368203,5.128848,5.128861,0.290808,0.419547,5.128788,5.128655,0.299702,0.361812,5.128351,5.133534,0.292251,0.393358,5.129059,5.143123,0.298879,0.338095,5.128976,5.144675
15000,32,256,0.377359,0.405225,5.128823,5.141888,0.369028,0.426383,5.143510,5.143755,0.360551,0.418378,5.128473,5.129180,0.354939,0.439922,5.128974,5.142450,0.349450,0.430003,5.129300,5.129094
15000,32,512,0.472995,0.624217,5.128393,5.129312,0.499253,0.639631,5.129580,5.128666,0.469516,0.566453,5.128467,5.128925,0.476424,0.653435,5.129308,5.128940,0.460840,0.551268,5.128759,5.142425
15000,32,1024,0.864178,0.977430,5.128953,5.128950,0.845538,1.029523,5.128030,5.128821,0.864577,0.895681,5.128774,5.128907,0.839423,0.961503,5.128364,5.188216,0.819570,0.964583,5.129997,5.128722
15000,32,2048,1.571337,1.580054,5.128973,5.129374,1.592597,1.624679,5.129088,5.129594,1.629263,1.557445,5.139613,5.128928,1.747228,1.553329,5.129137,5.128524,1.771664,1.600553,5.128921,5.129801
15000,32,4096,2.355068,2.360062,5.129397,5.129112,2.632725,2.351047,5.129187,5.129475,2.454349,2.342949,5.128894,5.129038,2.471733,2.371950,5.128695,5.129006,2.581069,2.351553,5.129012,5.133698
15000,36,1,0.263109,0.241133,5.127969,5.127602,0.273659,0.235765,5.127943,5.128035,0.256641,0.228011,5.127953,5.128988,0.252037,0.231147,5.129368,5.127812,0.274089,0.242364,5.127684,5.128012
15000,36,10,0.251988,0.241672,5.127383,5.127825,0.273391,0.238073,5.127595,5.127607,0.248966,0.265705,5.127726,5.143040,0.257831,0.241209,5.127654,5.127975,0.289806,0.254204,5.128325,5.127850
15000,36,16,0.264285,0.249504,5.127979,5.127922,0.260939,0.248449,5.127522,5.128530,0.253382,0.243304,5.128905,5.128413,0.279854,0.240794,5.127555,5.128168,0.260044,0.251950,5.127834,5.127640
15000,36,32,0.267739,0.253857,5.127829,5.128881,0.256190,0.255211,5.142710,5.127622,0.280501,0.258648,5.127766,5.127833,0.268323,0.257701,5.127846,5.127819,0.261030,0.279586,5.128444,5.129023
15000,36,64,0.257732,0.302996,5.127600,5.135948,0.254079,0.264830,5.129903,5.127301,0.263056,0.276400,5.128087,5.127624,0.264683,0.271959,5.127858,5.128402,0.276269,0.264725,5.128164,5.127778
15000,36,128,0.330120,0.305665,5.129088,5.128105,0.307285,0.310361,5.128733,5.127466,0.322375,0.301894,5.129255,5.127801,0.302232,0.310458,5.127753,5.127846,0.326747,0.310483,5.129409,5.127446
15000,36,256,0.395976,0.381465,5.127584,5.127737,0.418798,0.389763,5.130206,5.127355,0.364108,0.379788,5.133831,5.127685,0.382296,0.358502,5.127410,5.139727,0.375112,0.381239,5.132724,5.127779
15000,36,512,0.521577,0.514998,5.127455,5.127782,0.536726,0.518249,5.128024,5.127973,0.524090,0.559617,5.127830,5.128629,0.531838,0.510345,5.127899,5.128288,0.508101,0.514205,5.127839,5.127760
15000,36,1024,0.960588,0.902083,5.128025,5.127845,0.901709,0.955443,5.128259,5.127945,0.967044,0.874369,5.127658,5.130930,0.883886,0.962097,5.127330,5.127856,0.913055,0.933826,5.127478,5.128319
15000,36,2048,1.641713,1.760288,5.127719,5.128244,1.588513,1.589079,5.127482,5.127994,1.686358,1.654469,5.129161,5.127679,1.719742,1.586152,5.134092,5.127253,1.689833,1.815851,5.142257,5.127695
15000,36,4096,2.479387,2.355391,5.127235,5.130678,2.436876,2.404226,5.127561,5.128099,2.363993,2.416780,5.127418,5.153183,2.392647,2.481415,5.131667,5.127996,2.443285,2.386275,5.133052,5.127861
15000,40,1,0.223240,0.217287,5.127895,5.127174,0.225342,0.216567,5.127161,5.137780,0.231436,0.252233,5.127999,5.127561,0.234956,0.215417,5.127297,5.127681,0.245632,0.228784,5.127743,5.134012
15000,40,10,0.227297,0.238323,5.127363,5.127499,0.232493,0.225023,5.128160,5.132928,0.229099,0.224632,5.127853,5.128046,0.246865,0.241883,5.127679,5.127327,0.232473,0.217606,5.127822,5.127510
15000,40,16,0.212000,0.227570,5.134433,5.128464,0.230633,0.232636,5.136214,5.127688,0.235081,0.230238,5.127495,5.127607,0.244787,0.219635,5.133627,5.139256,0.237534,0.226479,5.127411,5.128940
15000,40,32,0.243040,0.227264,5.131858,5.127305,0.232498,0.231238,5.127618,5.128429,0.241653,0.228397,5.127725,5.127620,0.301535,0.243362,5.126987,5.127833,0.233874,0.228248,5.138300,5.127216
15000,40,64,0.241454,0.262692,5.127238,5.172071,0.241898,0.269087,5.127136,5.127846,0.248394,0.249781,5.127473,5.127306,0.245301,0.245924,5.128768,5.131322,0.261219,0.243007,5.128196,5.129246
15000,40,128,0.287678,0.293306,5.127877,5.127470,0.290230,0.329330,5.127682,5.132729,0.268021,0.283317,5.127789,5.168102,0.251969,0.277499,5.127556,5.133087,0.281562,0.277023,5.127549,5.129987
15000,40,256,0.365478,0.357020,5.128553,5.132580,0.347105,0.337626,5.127515,5.127704,0.353890,0.383653,5.129248,5.127405,0.376512,0.361908,5.128128,5.127846,0.392389,0.348117,5.127735,5.127504
15000,40,512,0.543392,0.522819,5.127785,5.128484,0.514516,0.531327,5.129117,5.127664,0.524313,0.572453,5.128034,5.127831,0.521311,0.502764,5.128703,5.127121,0.512179,0.526548,5.128287,5.127771
15000,40,1024,0.901365,0.952439,5.127730,5.127527,0.911647,0.958264,5.128132,5.127539,0.994247,0.929750,5.127486,5.127869,0.960819,0.841315,5.128263,5.127559,0.879052,0.964437,5.127715,5.141818
15000,40,2048,1.715003,1.598390,5.127899,5.127609,1.683839,1.582130,5.127469,5.127804,1.583109,1.599005,5.127596,5.127881,1.590993,1.703593,5.127344,5.127997,1.637529,1.766035,5.127766,5.128083
15000,40,4096,2.361412,2.495454,5.127422,5.133124,2.448084,2.363164,5.127885,5.146823,2.397206,2.405054,5.127553,5.127331,2.511494,2.468237,5.127583,5.127271,2.433675,2.473363,5.127633,5.127892
15000,44,1,0.214122,0.211247,5.129292,5.134346,0.215275,0.206677,5.129785,5.129277,0.218971,0.217113,5.128811,5.129991,0.200777,0.208779,5.129381,5.128911,0.203260,0.200396,5.128187,5.141435
15000,44,10,0.214030,0.217489,5.133283,5.128617,0.210539,0.212074,5.128926,5.129517,0.216771,0.212058,5.133149,5.128741,0.223248,0.210256,5.128785,5.129060,0.218287,0.210394,5.129212,5.129352
15000,44,16,0.210445,0.208131,5.129122,5.129131,0.206541,0.201392,5.129486,5.128740,0.196606,0.211297,5.128322,5.129305,0.199543,0.216050,5.133967,5.128702,0.202413,0.209613,5.129507,5.129866
15000,44,32,0.215052,0.210785,5.129494,5.128748,0.218921,0.232569,5.129433,5.129416,0.214097,0.231276,5.129430,5.129712,0.221519,0.209664,5.128998,5.129290,0.213654,0.223403,5.128981,5.127427
15000,44,64,0.227372,0.238285,5.130105,5.135268,0.227986,0.234670,5.129074,5.128851,0.243900,0.228769,5.136598,5.134023,0.230102,0.231485,5.130837,5.128788,0.231189,0.234972,5.128173,5.128894
15000,44,128,0.238622,0.263942,5.128998,5.128064,0.255326,0.274155,5.128934,5.128402,0.247470,0.265803,5.135058,5.128512,0.255805,0.265664,5.128199,5.129294,0.237873,0.262667,5.134649,5.128989
15000,44,256,0.330538,0.347024,5.131662,5.146963,0.333356,0.317778,5.129001,5.128492,0.334769,0.334890,5.128916,5.128556,0.335432,0.344969,5.129138,5.129401,0.333540,0.335097,5.129036,5.128470
15000,44,512,0.514234,0.513439,5.128908,5.128985,0.526126,0.525126,5.130455,5.128844,0.520579,0.529753,5.129033,5.128557,0.534375,0.508643,5.129294,5.128687,0.526035,0.517022,5.139998,5.128596
15000,44,1024,0.926807,0.923419,5.129432,5.129069,0.943059,0.931493,5.128946,5.128360,0.957220,0.828077,5.129101,5.130185,0.900994,0.943183,5.129426,5.128978,0.850168,0.919189,5.129140,5.128668
15000,44,2048,1.659977,1.585359,5.129122,5.128806,1.624473,1.592165,5.128988,5.128425,1.567171,1.693002,5.129201,5.129337,1.716171,1.561111,5.128499,5.128726,1.624258,1.586298,5.128856,5.129318
15000,44,4096,2.423618,2.375119,5.128889,5.130574,2.464119,2.472295,5.129039,5.129012,2.404118,2.379171,5.129165,5.128425,2.372932,2.421409,5.129426,5.128640,2.386496,2.375819,5.129748,5.129423
15000,48,1,0.185198,0.190197,5.128744,5.129490,0.192529,0.194250,5.132534,5.129114,0.189115,0.196588,5.129020,5.130470,0.196785,0.188967,5.222575,5.128169,0.199916,0.187115,5.128917,5.129677
15000,48,10,0.190170,0.198233,5.129547,5.128473,0.189677,0.192670,5.129003,5.129901,0.185664,0.192764,5.130820,5.138597,0.201328,0.189629,5.128643,5.130352,0.208756,0.184512,5.130429,5.128322
15000,48,16,0.200454,0.189589,5.128976,5.134335,0.187869,0.204066,5.128970,5.128789,0.190540,0.193409,5.128010,5.133866,0.211937,0.203548,5.129615,5.128811,0.188838,0.197181,5.129913,5.129485
15000,48,32,0.214168,0.199056,5.129159,5.129823,0.206923,0.209083,5.128845,5.137007,0.198611,0.202892,5.135884,5.128887,0.213388,0.203531,5.128294,5.129996,0.212014,0.203920,5.131603,5.128554
15000,48,64,0.216112,0.211580,5.129566,5.132013,0.223772,0.214963,5.129487,5.129237,0.218247,0.217700,5.128731,5.129705,0.217906,0.215956,5.129471,5.128345,0.220896,0.211915,5.129125,5.127426
15000,48,128,0.251764,0.256300,5.141915,5.129638,0.237631,0.250704,5.128675,5.129589,0.240969,0.249725,5.129365,5.128456,0.238530,0.251074,5.161686,5.129511,0.230850,0.245329,5.129575,5.128912
15000,48,256,0.314373,0.315898,5.134834,5.129704,0.326641,0.309719,5.128923,5.127895,0.318143,0.301110,5.129167,5.128746,0.314279,0.299671,5.128941,5.129988,0.301155,0.303588,5.127611,5.135110
15000,48,512,0.517209,0.532542,5.128564,5.129365,0.531072,0.521317,5.128611,5.134315,0.529571,0.541116,5.129093,5.129764,0.520017,0.542365,5.129200,5.134029,0.539611,0.544948,5.128883,5.129310
15000,48,1024,0.937382,0.905419,5.129440,5.129126,0.971368,0.854179,5.128765,5.129143,0.940669,0.956951,5.138569,5.130052,0.883483,0.951770,5.128456,5.129637,0.957487,0.956488,5.128462,5.129735
15000,48,2048,1.615402,1.699374,5.128439,5.129066,1.712057,1.609053,5.128791,5.135600,1.583088,1.642591,5.128488,5.129523,1.703780,1.691781,5.128779,5.129339,1.613283,1.606806,5.128798,5.147007
15000,48,4096,2.401507,2.416819,5.129073,5.129770,2.386426,2.371837,5.129100,5.129296,2.355667,2.374273,5.128682,5.129528,2.351185,2.490580,5.128161,5.134566,2.380867,2.354564,5.128914,5.129495
15000,52,1,0.181568,0.177590,5.129121,5.129114,0.183076,0.179195,5.127879,5.128919,0.191689,0.172644,5.137095,5.129207,0.178923,0.166344,5.128780,5.129039,0.178865,0.170946,5.130870,5.129677
15000,52,10,0.179706,0.186362,5.129364,5.128063,0.196459,0.175614,5.129254,5.128582,0.176986,0.179640,5.128568,5.129541,0.186427,0.177427,5.130086,5.128582,0.185317,0.178088,5.130205,5.129652
15000,52,16,0.179863,0.174514,5.129454,5.144860,0.174709,0.185500,5.128802,5.136551,0.185050,0.175820,5.130575,5.128381,0.186058,0.177726,5.128917,5.133686,0.172976,0.173534,5.129524,5.129056
15000,52,32,0.201131,0.186163,5.128412,5.130742,0.186515,0.186233,5.128748,5.128474,0.197596,0.187341,5.129520,5.129258,0.197656,0.185313,5.133944,5.128703,0.190266,0.179346,5.129207,5.137003
15000,52,64,0.209837,0.208312,5.133332,5.128915,0.208275,0.206285,5.128667,5.129181,0.207225,0.203780,5.129065,5.128921,0.205482,0.216462,5.129280,5.129358,0.205790,0.202995,5.129471,5.128634
15000,52,128,0.240849,0.234955,5.128497,5.129261,0.234608,0.236957,5.130798,5.128874,0.234105,0.230231,5.128854,5.129328,0.232679,0.243842,5.140206,5.128658,0.235034,0.237266,5.129393,5.129505
15000,52,256,0.310427,0.295644,5.129010,5.129737,0.310305,0.304493,5.128903,5.129311,0.302376,0.295356,5.129243,5.129148,0.305022,0.300617,5.128651,5.129544,0.303343,0.294904,5.129440,5.128093
15000,52,512,0.503227,0.520893,5.131218,5.129157,0.529282,0.516239,5.129384,5.129330,0.527852,0.507754,5.130401,5.128378,0.506612,0.503168,5.129595,5.128447,0.522873,0.536482,5.129351,5.128398
15000,52,1024,0.866979,0.953524,5.129528,5.128036,0.892787,0.889048,5.129021,5.128826,0.868783,0.941475,5.128928,5.128965,0.995639,0.957482,5.129089,5.128761,0.900389,0.895836,5.129425,5.128716
15000,52,2048,1.629430,1.590039,5.135676,5.129176,1.597074,1.567545,5.128991,5.128131,1.706088,1.558580,5.128882,5.129192,1.595556,1.653726,5.129186,5.128396,1.743530,1.604757,5.129392,5.128188
15000,52,4096,2.372809,2.372640,5.128999,5.128553,2.359298,2.402694,5.131256,5.129506,2.409290,2.343020,5.129302,5.130786,2.472871,2.609343,5.129334,5.128429,2.474359,2.410066,5.129611,5.128520
15000,56,1,0.162023,0.175077,5.128694,5.129979,0.174306,0.157831,5.129307,5.132024,0.156297,0.160673,5.129076,5.129032,0.177103,0.159107,5.129716,5.130673,0.167766,0.165891,5.128753,5.129353
15000,56,10,0.174142,0.169207,5.151279,5.128307,0.175458,0.160993,5.129624,5.129638,0.171487,0.165889,5.129275,5.128135,0.177144,0.173699,5.129071,5.128630,0.181646,0.167007,5.129366,5.129923
15000,56,16,0.169411,0.169235,5.129084,5.129057,0.160649,0.180700,5.129351,5.129903,0.172051,0.167598,5.129085,5.130174,0.172653,0.162373,5.130037,5.129678,0.170665,0.173760,5.139177,5.129910
15000,56,32,0.164960,0.176682,5.130162,5.128920,0.184446,0.179169,5.129563,5.130414,0.165970,0.175504,5.129468,5.129573,0.188716,0.175631,5.128270,5.129369,0.180104,0.183654,5.129565,5.129071
15000,56,64,0.200793,0.189358,5.128886,5.128948,0.200121,0.196070,5.129339,5.128911,0.205082,0.194502,5.129024,5.128969,0.200043,0.201514,5.129390,5.130032,0.194894,0.189058,5.128412,5.129228
15000,56,128,0.226954,0.219596,5.129257,5.128516,0.230141,0.228665,5.127809,5.129080,0.227470,0.225123,5.129377,5.128260,0.218266,0.222759,5.129210,5.129199,0.217797,0.218722,5.129048,5.128335
15000,56,256,0.284776,0.289311,5.129376,5.128911,0.292205,0.281508,5.129140,5.134618,0.274076,0.281643,5.134406,5.128838,0.277449,0.281766,5.129341,5.128702,0.290483,0.288821,5.129098,5.129302
15000,56,512,0.509200,0.501650,5.129361,5.128856,0.503006,0.504121,5.129391,5.129138,0.511608,0.509907,5.130266,5.128550,0.516186,0.500031,5.130002,5.128801,0.530477,0.499454,5.129407,5.128409
15000,56,1024,0.854816,0.897670,5.148432,5.128331,0.906487,0.881290,5.129495,5.128841,0.975922,0.846197,5.129563,5.128417,0.889948,0.834004,5.129011,5.128385,0.887423,0.837178,5.129441,5.128727
15000,56,2048,1.610147,1.571519,5.129022,5.128741,1.565867,1.606245,5.128881,5.129139,1.585208,1.603416,5.130276,5.129154,1.602797,1.596024,5.134518,5.128944,1.583801,1.602827,5.129369,5.128631
15000,56,4096,2.361433,2.358295,5.134069,5.128525,2.414853,2.397109,5.129149,5.129095,2.389175,2.379549,5.129494,5.129315,2.387845,2.378591,5.129963,5.131331,2.350013,2.359448,5.130960,5.142609
15000,60,1,0.155169,0.157369,5.129785,5.128800,0.179977,0.161258,5.129542,5.129519,0.159463,0.161801,5.129566,5.134219,0.180655,0.152162,5.129184,5.129562,0.148786,0.160960,5.129260,5.129168
15000,60,10,0.170513,0.163185,5.129126,5.129505,0.174166,0.159036,5.128364,5.129108,0.163694,0.156754,5.133161,5.128718,0.170707,0.158659,5.215496,5.138658,0.166683,0.158700,5.134216,5.128582
15000,60,16,0.169292,0.158705,5.128716,5.130525,0.160005,0.157554,5.128896,5.129084,0.176428,0.169641,5.129033,5.128714,0.182621,0.161448,5.129041,5.128465,0.159360,0.156295,5.128591,5.130139
15000,60,32,0.155297,0.173617,5.128957,5.128944,0.177199,0.168601,5.129596,5.129032,0.176485,0.161613,5.129059,5.130829,0.180063,0.173647,5.129429,5.128845,0.174395,0.182103,5.129270,5.129466
15000,60,64,0.191249,0.194008,5.130099,5.129670,0.189140,0.196173,5.129426,5.129057,0.197214,0.188383,5.128692,5.135061,0.196404,0.198511,5.129666,5.128513,0.192867,0.176685,5.128836,5.133829
15000,60,128,0.219453,0.222010,5.128906,5.129025,0.228636,0.229252,5.133239,5.129226,0.213112,0.221572,5.129763,5.129008,0.229683,0.220444,5.128665,5.129739,0.212546,0.219284,5.135175,5.128674
15000,60,256,0.295090,0.318360,5.129487,5.128581,0.289065,0.290263,5.132722,5.130048,0.281530,0.282445,5.128888,5.129221,0.291382,0.299524,5.128986,5.129766,0.273910,0.277670,5.129128,5.128989
15000,60,512,0.492890,0.526825,5.128851,5.129485,0.513231,0.498714,5.130769,5.128812,0.488443,0.521613,5.130318,5.128248,0.508357,0.521580,5.129846,5.128742,0.526074,0.504996,5.129239,5.128905
15000,60,1024,0.840203,0.840312,5.131370,5.128678,0.845514,0.854135,5.129263,5.129220,0.900256,0.908858,5.128790,5.128538,0.870599,0.861373,5.137643,5.128741,0.850955,0.866084,5.129202,5.129235
15000,60,2048,1.608116,1.617007,5.128899,5.128776,1.592141,1.598548,5.129039,5.129719,1.640890,1.674667,5.129252,5.129466,1.606797,1.633172,5.129663,5.128556,1.563985,1.562958,5.134049,5.129155
15000,60,4096,2.358559,2.421928,5.128995,5.142663,2.344806,2.379765,5.129112,5.128179,2.462691,2.408398,5.129478,5.129595,2.347467,2.384424,5.128950,5.128623,2.353882,2.419165,5.134417,5.130360
15000,64,1,0.150367,0.140389,5.129525,5.129083,0.153632,0.137273,5.129419,5.129681,0.138074,0.142258,5.129139,5.129102,0.135608,0.141189,5.146055,5.128864,0.142917,0.138794,5.128834,5.129235
15000,64,10,0.145375,0.148911,5.130555,5.128574,0.154067,0.148668,5.128281,5.128742,0.140424,0.146718,5.129449,5.128668,0.142493,0.145374,5.127976,5.130076,0.153411,0.148275,5.130162,5.129024
15000,64,16,0.149301,0.154045,5.129198,5.135691,0.163977,0.150825,5.130195,5.128866,0.143411,0.151407,5.134299,5.136738,0.152248,0.153097,5.129283,5.128892,0.155239,0.151038,5.128737,5.128942
15000,64,32,0.148636,0.158315,5.128900,5.129041,0.152106,0.156678,5.129337,5.130285,0.150713,0.154646,5.134750,5.128717,0.155282,0.163780,5.129156,5.129316,0.149249,0.158112,5.134096,5.129556
15000,64,64,0.179113,0.178947,5.128866,5.128969,0.191538,0.171148,5.129063,5.129071,0.181114,0.179344,5.129172,5.130396,0.183005,0.174570,5.129386,5.128585,0.179007,0.175270,5.128537,5.129281
15000,64,128,0.217695,0.207369,5.129911,5.128773,0.214488,0.203480,5.128668,5.129518,0.226543,0.212268,5.129568,5.128652,0.223081,0.212864,5.128988,5.128181,0.209486,0.210390,5.129200,5.138726
15000,64,256,0.283411,0.277487,5.133110,5.129602,0.277807,0.269892,5.130409,5.128634,0.276134,0.276131,5.132253,5.129432,0.287236,0.279318,5.128656,5.129318,0.276689,0.271609,5.129494,5.128697
15000,64,512,0.502292,0.512593,5.129037,5.130840,0.507141,0.516214,5.129643,5.128282,0.529158,0.497672,5.129601,5.129020,0.511480,0.518167,5.135455,5.128703,0.521198,0.485376,5.129006,5.128824
15000,64,1024,0.827193,0.941902,5.129141,5.128705,0.842591,0.904195,5.129068,5.129115,0.856191,0.883775,5.128933,5.128790,0.888145,0.868601,5.128730,5.128913,0.946955,0.904397,5.130720,5.128991
15000,64,2048,1.606403,1.693680,5.128788,5.128435,1.590858,1.605232,5.149595,5.129352,1.596116,1.634994,5.129020,5.128767,1.582133,1.589307,5.129181,5.129637,1.572617,1.680724,5.129282,5.128166
15000,64,4096,2.350084,2.363353,5.133521,5.128679,2.356531,2.384512,5.129826,5.128623,2.365161,2.347745,5.129808,5.129232,2.453557,2.343609,5.137585,5.129231,2.416541,2.413193,5.129559,5.128852
30000,1,1,26.213232,26.398279,21.850789,21.890138,26.087821,26.091211,21.851992,21.881148,26.132365,26.174136,21.854057,21.867054,26.090362,26.158025,21.850016,21.846773,26.094997,26.101858,21.895588,21.848942
30000,1,10,26.110816,26.096936,21.855415,21.852524,26.093945,26.769384,21.848460,21.894045,26.098543,26.109711,21.852227,21.843138,26.232744,26.381257,21.858182,21.847025,26.194359,26.300312,21.851153,21.921350
30000,1,16,26.101813,26.427865,21.900415,21.848328,26.108571,26.420048,21.848471,21.892355,26.096599,26.264659,21.855552,21.847024,26.149803,26.100471,21.854003,21.867534,26.223161,26.088864,21.856100,21.817623
30000,1,32,26.092979,26.157124,21.860337,21.836338,26.111730,26.075632,21.887616,21.838039,26.083341,26.095738,21.845781,21.901857,26.133355,26.378211,21.846651,21.849960,26.164324,26.381316,21.867523,21.864602
30000,1,64,26.097134,26.439756,22.002484,21.848361,26.140035,26.416637,21.872935,21.845248,26.104846,26.093330,21.916664,21.845241,26.103627,26.391153,21.860184,21.885801,26.082435,26.240209,21.845429,21.846036
30000,1,128,26.128168,26.095891,21.846127,21.844630,26.090005,26.243131,21.850833,21.858417,26.113517,26.141559,21.887421,21.847779,26.083551,26.109694,21.857588,21.904053,26.083988,26.100468,21.870020,21.864732
30000,1,256,26.087058,26.085197,21.851339,21.833630,26.125304,26.091047,21.846169,21.825811,26.092399,26.228609,21.852082,21.843550,26.087667,26.108697,21.909035,21.841393,26.090717,26.878986,21.847631,21.893869
30000,1,512,26.088699,26.233315,21.850892,21.848732,26.165717,26.113784,21.843593,21.867170,26.125105,26.183562,21.848531,21.844988,26.116408,26.248662,21.851263,21.844281,26.203843,26.208352,21.889774,21.847216
30000,1,1024,26.093883,26.177268,21.849333,21.886840,26.096565,26.120634,21.848869,21.844552,26.210035,26.398083,21.845990,21.849865,26.095585,26.126388,21.851639,21.845462,26.124951,26.439592,21.850802,21.844785
30000,1,2048,26.090204,26.101116,21.886764,21.844349,26.096836,26.471888,21.846901,21.884874,26.087983,26.846964,21.856096,21.844077,26.149887,26.134210,21.877621,21.857353,26.094558,26.156254,21.845683,21.842776
30000,1,4096,26.118821,26.101675,21.889034,21.841950,26.094600,26.248598,21.845537,21.882517,26.098994,26.086363,21.852431,21.841323,26.139041,26.107569,21.851666,21.857568,26.141781,26.193259,21.848502,21.847636
30000,2,1,14.006964,14.083238,21.882579,21.854530,14.098944,14.145606,21.858909,21.847802,14.068043,14.185174,21.841351,21.842547,14.049507,14.119554,21.841259,21.888108,14.088737,14.196515,21.839819,21.846153
30000,2,10,14.066957,14.067189,21.850974,21.846585,14.057320,14.088712,21.846066,21.840119,14.049995,14.136750,21.840112,21.874302,14.090587,14.036372,21.863443,21.844601,14.114504,14.135162,21.840767,21.855505
30000,2,16,14.025223,14.254284,21.841339,21.841220,14.072478,14.163730,21.846063,21.870440,14.140067,14.161788,21.843212,21.839583,14.062925,14.132326,21.888827,21.841504,14.005253,14.052682,21.854770,21.842265
30000,2,32,14.236277,14.114080,21.837107,21.849381,14.059217,14.084701,21.881582,21.845974,14.053508,14.030334,21.844238,21.845761,14.017404,14.265919,21.848170,21.842000,14.029547,14.082166,21.842966,21.876417
30000,2,64,14.057108,14.143152,21.848362,21.954655,14.105733,14.164664,21.871266,21.843196,14.040406,14.116990,21.840762,21.842819,14.179088,14.095803,21.842151,21.839520,14.026162,14.246863,21.887450,21.840440
30000,2,128,14.191928,14.189122,21.842613,21.858597,14.049153,14.194927,21.840627,21.852135,14.173608,14.203260,21.841917,21.875178,14.026094,14.162851,21.838929,21.851546,14.022749,14.062604,21.887485,21.835751
30000,2,256,14.231285,14.313732,21.842921,21.847288,14.343909,14.158773,21.842027,21.834698,14.174018,14.171211,21.884706,21.837862,14.261016,14.110216,21.845299,21.841852,14.183665,14.293668,21.838249,22.285928
30000,2,512,14.250813,14.173405,21.845096,21.891355,14.280485,14.175001,21.864128,21.840418,14.299049,14.094390,21.883701,21.841706,14.281156,14.160310,21.845990,21.851805,14.383320,14.159470,21.843278,21.843092
30000,2,1024,14.056262,14.342025,21.870297,21.845025,14.135201,14.214910,21.842408,21.869031,14.072213,14.400099,21.836151,22.514022,14.216180,14.316365,21.842204,21.888758,14.074010,14.330926,21.843216,21.840333
30000,2,2048,15.407566,14.463517,21.870895,21.859921,15.358877,14.394606,21.848405,21.891998,15.405045,14.338017,21.842601,22.560616,15.360552,14.380526,21.875192,21.844362,15.403225,14.361276,21.854274,21.850683
30000,2,4096,14.910775,14.689916,21.841911,21.841250,14.939359,14.556407,21.875828,21.842260,14.829149,14.662207,21.854803,21.840620,14.894206,14.829312,21.844156,21.842413,14.878720,14.593745,21.850960,21.881262
30000,4,1,7.633044,7.670493,21.848535,21.837739,7.795929,7.807374,21.846245,21.856377,7.718127,7.863311,21.846560,21.844803,7.794304,7.994906,21.848282,21.878087,7.832719,8.031051,21.852373,21.845418
30000,4,10,7.790798,7.835825,21.879998,21.842806,7.852741,7.850738,21.843204,21.827761,7.639699,7.938108,21.911840,21.859322,7.660736,7.953407,21.850657,21.831126,7.604823,7.934265,21.879599,21.837880
30000,4,16,7.704065,7.745395,21.854844,21.859463,7.818567,7.903953,21.901986,21.841398,7.655175,7.800085,21.855306,21.841558,7.974276,7.899792,21.894826,21.839576,7.707553,7.976072,21.847492,21.820811
30000,4,32,7.987045,7.960842,21.845300,21.840411,7.803719,7.969011,21.841850,21.826920,7.787099,7.875841,21.843243,21.857481,7.784233,7.744167,21.841507,21.837616,7.822381,8.009135,21.838344,21.839493
30000,4,64,7.721575,7.649505,21.841599,21.872166,7.807558,7.860992,21.840844,21.816357,7.704554,7.932976,21.860057,21.854032,7.728640,8.040586,21.840070,21.816147,7.720697,7.831650,21.844245,21.867634
30000,4,128,7.914028,8.050523,21.841963,21.848960,7.745439,7.842366,21.846559,21.876514,7.996088,7.922819,21.840922,21.819547,7.744173,7.674440,21.840073,21.873958,7.862694,7.870849,21.838886,21.840691
30000,4,256,7.794844,8.143996,21.879975,21.839480,7.796524,7.666412,21.850876,21.835687,8.097381,7.893863,21.854580,21.835150,7.937794,7.905622,21.843021,22.562942,7.792148,8.171549,21.895128,21.838764
30000,4,512,7.740431,7.909091,21.844953,21.842723,7.962119,7.897323,21.890686,21.832277,7.998557,7.998048,21.858277,21.837792,7.947672,8.112397,21.843231,21.843476,7.961767,7.974381,21.840540,21.865484
30000,4,1024,8.269915,8.505655,21.840680,21.862316,8.279584,8.283357,21.840312,21.842304,8.419127,8.374491,21.837108,21.824749,8.345690,8.304824,21.845873,21.851470,8.115029,8.419722,21.848039,21.815887
30000,4,2048,8.158941,8.493053,21.860181,21.867052,8.374881,8.481508,21.846046,21.813021,8.094767,8.488757,21.847656,21.888345,8.287928,8.397487,21.840742,21.833840,8.206860,8.614700,21.840942,21.874126
30000,4,4096,10.841778,9.931362,21.835327,21.846179,10.875941,10.050127,21.888978,21.833986,11.096491,9.812941,21.845454,21.845605,10.925305,9.892128,21.841082,21.842677,10.928040,9.956295,21.836036,22.447302
30000,8,1,4.164660,4.156884,21.834949,21.813689,4.156775,4.149439,21.862473,21.835913,4.155679,4.152349,21.879235,21.814272,4.159990,4.147498,21.833759,21.843754,4.150096,4.150039,21.866933,21.834364
30000,8,10,4.158535,4.154681,21.834911,21.818162,4.173383,4.157338,21.870037,21.813697,4.154165,4.165270,21.816242,21.812961,4.158943,4.155571,21.837103,21.871983,4.161678,4.183331,21.812722,21.831726
30000,8,16,4.164368,4.164245,21.813738,21.866071,4.167286,4.168961,21.834456,21.835110,4.155843,4.165674,21.837946,22.148288,4.159864,4.176552,21.818477,21.820793,4.159597,4.164397,21.844162,21.824355
30000,8,32,4.183609,4.169568,21.875898,21.821814,4.181321,4.177048,21.848650,21.837124,4.188904,4.177851,21.877884,21.836126,4.182794,4.183519,21.840268,21.833001,4.188330,4.187937,21.855689,21.868017
30000,8,64,4.196565,4.198343,21.835613,21.838112,4.190617,4.198554,21.837674,21.896486,4.197777,4.211814,21.854734,21.879216,4.198835,4.190720,21.813603,21.832525,4.202523,4.212239,21.835389,21.833110
30000,8,128,4.187532,4.250536,21.834678,21.873836,4.200119,4.253403,21.860532,21.818758,4.195200,4.264255,21.835262,21.823347,4.181410,4.249638,21.889850,21.813810,4.190944,4.252072,21.863479,21.812475
30000,8,256,4.465141,4.383976,21.885350,21.934383,4.453656,4.366477,21.862256,21.814827,4.447020,4.366109,21.838244,21.959793,4.455321,4.361478,21.812296,21.836156,4.451203,4.362764,21.840905,21.864017
30000,8,512,4.507887,4.524334,21.834138,21.834128,4.532195,4.518070,21.838788,21.820162,4.508787,4.570804,21.834251,22.151568,4.504491,4.534559,21.842117,21.837832,4.505082,4.524348,21.861555,21.838957
30000,8,1024,4.631181,5.024085,21.842351,21.814857,4.579902,5.025463,21.891388,21.832881,4.615340,5.026082,21.817885,21.835546,4.596739,5.026782,21.901605,21.813066,4.637743,5.035311,21.843249,21.840054
30000,8,2048,6.131059,5.759086,21.877394,21.833006,6.014152,5.753090,21.835252,21.810404,6.125891,5.736913,21.842951,21.848229,5.997091,5.722095,21.840217,21.816326,6.109960,5.755292,21.835597,21.881052
30000,8,4096,7.884573,7.647707,21.819914,21.812412,7.643336,7.629405,21.835196,21.873597,7.756419,7.883282,21.838132,21.832537,7.834950,7.783649,21.868200,21.833002,7.797954,7.657901,21.835531,22.043511
30000,12,1,2.300143,2.291989,21.807023,21.936698,2.555515,2.366344,21.807036,21.805263,2.492606,2.302173,21.805299,21.817395,2.276266,2.316962,21.805917,21.805209,2.318065,2.276399,21.805527,22.130019
30000,12,10,2.298178,2.289654,21.812009,21.831214,2.533589,2.286177,21.804768,21.804044,2.298012,2.295608,21.803265,21.948146,2.284580,2.299435,21.803812,21.803441,2.332192,2.289420,21.805970,21.875157
30000,12,16,2.284779,2.324839,21.804548,22.053663,2.297608,2.476741,21.805783,21.809899,2.299574,2.419654,21.809914,21.802071,2.323654,2.293673,21.804632,21.806388,2.344322,2.318660,21.805839,21.814400
30000,12,32,2.299173,2.316066,21.807253,21.853361,2.305034,2.299281,21.819834,21.803894,2.290168,2.320516,21.805318,21.802951,2.295420,2.317073,21.805016,21.899431,2.321963,2.361259,21.810206,22.349516
30000,12,64,2.470068,2.332761,21.805371,21.876726,2.337487,2.359945,21.806266,21.810239,2.515683,2.373554,21.806745,21.837088,2.346184,2.344853,21.806123,21.870574,2.398362,2.350877,21.804934,21.917969
30000,12,128,2.385152,2.432685,21.805389,21.808645,2.378315,2.426091,21.812916,21.805475,2.359724,2.367720,21.804984,22.211377,2.392480,2.376513,21.804189,21.861622,2.378665,2.410170,21.804006,21.833864
30000,12,256,2.709850,2.515669,21.803941,21.805110,2.487498,2.489164,21.806390,21.882285,2.472881,2.483868,21.803738,21.808928,2.488714,2.503353,21.810137,21.807074,2.444855,2.492533,21.805131,22.465629
30000,12,512,2.778067,2.639218,21.805168,21.923248,2.806666,2.646827,21.805434,21.805879,2.818192,2.712920,21.800839,21.816752,2.841884,2.713724,21.805549,22.558148,2.792593,2.714787,21.804876,21.989596
30000,12,1024,3.106267,3.145363,21.817188,22.182212,3.029744,3.128246,21.805912,22.432562,3.036785,3.185637,21.809144,21.810386,3.084770,3.254117,21.804642,21.838838,3.003387,3.254684,21.805686,21.868281
30000,12,2048,4.090348,3.948517,21.804419,21.805359,4.007578,3.857674,21.806233,21.812166,4.049670,3.706341,21.809194,21.806142,3.960476,3.732016,21.804224,21.919195,4.029803,3.863906,21.804692,21.870848
30000,12,4096,6.528344,6.677594,21.804700,21.863090,6.503559,6.492432,21.801026,21.862435,6.502115,6.566387,21.804605,21.807810,6.499146,6.530462,21.808103,21.807718,6.494633,6.508271,21.802933,21.807055
30000,16,1,1.740571,1.739113,21.813593,21.801659,1.737342,1.735524,21.802826,21.908017,1.737246,1.738720,21.803134,21.815260,1.728770,1.732389,21.803544,21.802286,1.737882,1.736072,21.803029,21.804273
30000,16,10,1.752802,1.753141,21.840157,21.942022,1.739189,1.758473,21.803354,21.893099,1.744579,1.730917,21.808262,21.803692,1.744058,1.761584,21.802593,21.806996,1.739230,1.756449,21.803147,21.900568
30000,16,16,1.739335,1.747558,21.803854,21.801757,1.760368,1.752227,21.940383,22.128109,1.744691,1.806254,21.827047,22.549594,1.755141,1.762451,21.800772,21.801953,1.750833,1.744565,21.804713,21.808611
30000,16,32,1.760286,1.760615,21.803616,21.798928,1.764329,1.757277,21.804247,21.826841,1.751470,1.801719,21.803823,22.459148,1.747907,1.767055,21.804953,21.861897,1.754116,1.772272,21.813900,22.553610
30000,16,64,1.820701,1.788213,21.803986,21.804587,1.830029,1.779308,21.802513,21.809372,1.822912,1.793876,21.799305,21.801631,1.827396,1.775721,21.803139,22.039123,1.820297,1.793172,21.809167,21.912775
30000,16,128,1.881912,1.846978,21.803265,22.225196,1.865430,1.855683,21.803747,21.811926,1.848213,1.878601,21.803662,21.802093,1.863657,1.824413,21.803029,22.037064,1.853565,1.827963,21.802061,21.803880
30000,16,256,1.870366,1.944553,21.816146,21.801790,1.885333,1.967324,21.806882,21.852895,1.884741,1.929302,21.804981,21.887261,1.877673,1.954677,21.803316,21.805411,1.878438,1.938366,21.804970,21.920267
30000,16,512,2.189023,2.157419,21.803076,21.801755,2.215222,2.153196,21.806647,21.807642,2.251872,2.137057,21.805164,21.875504,2.251983,2.155352,21.813552,22.552533,2.258029,2.135279,21.803563,22.507811
30000,16,1024,2.709609,2.637898,21.804971,21.810403,2.668883,2.675871,21.805229,21.801369,2.711051,2.616514,21.803879,21.911005,2.657648,2.669364,21.804730,21.802215,2.695467,2.652715,21.804579,21.906333
30000,16,2048,3.499097,3.515559,21.816179,21.831191,3.514594,3.450924,21.804575,22.383250,3.465283,3.508907,21.804770,21.824305,3.508857,3.519871,21.804160,22.309359,3.516575,3.537511,21.804147,21.874949
30000,16,4096,6.497163,6.609317,21.803038,21.801626,6.505450,6.523744,21.804139,22.559074,6.650028,6.514881,21.804155,21.797927,6.579627,6.646322,21.804239,21.812841,6.606860,6.576662,21.804851,22.551286
30000,20,1,1.433991,1.431687,21.803561,21.797938,1.496977,1.447207,21.804503,21.798753,1.420284,1.422915,21.803973,21.939201,1.418880,1.417468,21.865111,21.867234,1.430923,1.434019,21.804219,22.553383
30000,20,10,1.430332,1.437823,21.805104,22.231253,1.432651,1.510901,21.803653,21.801416,1.448455,1.500349,21.806466,22.091328,1.427975,1.462669,21.811188,22.493475,1.532828,1.473548,21.804709,22.088952
30000,20,16,1.438938,1.525651,21.818116,21.819937,1.461439,1.502598,21.805127,21.820398,1.477241,1.431754,21.804983,21.802119,1.439829,1.502068,21.850654,21.916881,1.434962,1.500770,21.803715,21.841658
30000,20,32,1.464709,1.513262,21.807154,21.806745,1.458218,1.451038,21.839868,21.856632,1.444007,1.466507,21.803896,22.205468,1.455177,1.432727,21.802521,21.918467,1.476844,1.447801,21.804342,22.070703
30000,20,64,1.471394,1.475971,21.812827,21.901191,1.456902,1.531540,21.804551,21.818443,1.450769,1.473213,21.810851,21.815994,1.464924,1.472655,21.809863,22.551109,1.449738,1.474148,21.804094,22.211236
30000,20,128,1.561878,1.520536,21.811695,21.803077,1.579978,1.584759,21.839357,22.161088,1.626922,1.524905,21.803698,21.814516,1.551937,1.541627,21.805390,22.090541,1.597564,1.527185,21.803167,22.548929
30000,20,256,1.664362,1.651871,21.803915,21.805497,1.647171,1.625148,21.803707,21.806336,1.647545,1.655612,21.808138,21.851354,1.624664,1.659397,21.810130,22.553178,1.632679,1.676070,21.803580,21.817770
30000,20,512,1.738201,1.891046,21.803418,21.836652,1.717367,1.841367,21.803604,21.798713,1.744223,1.875087,21.810333,21.916337,1.762709,1.872386,21.803380,21.888274,1.710395,1.852359,21.806324,21.839288
30000,20,1024,2.404066,2.378211,21.804977,21.801538,2.374950,2.435088,21.804905,21.806647,2.446975,2.399180,21.802074,21.801494,2.465803,2.352102,21.805438,21.805741,2.432263,2.412074,21.845688,21.863220
30000,20,2048,3.517363,3.547933,21.803906,22.553780,3.611174,3.510625,21.817945,21.801253,3.507994,3.486264,21.806077,21.804183,3.447941,3.508051,21.802846,21.811377,3.472527,3.530274,21.811427,21.799433
30000,20,4096,6.495779,6.557415,21.804789,21.930551,6.706805,6.671792,21.804198,21.805517,6.523599,6.639367,21.804554,21.871489,6.567912,6.689440,21.802314,21.801585,6.656686,6.636964,21.804020,22.215337
30000,24,1,1.290092,1.252083,21.802133,21.801561,1.251501,1.266438,21.805101,21.812033,1.243642,1.247799,21.812057,22.143434,1.269846,1.344906,21.802357,21.897614,1.255852,1.315269,21.802783,21.806484
30000,24,10,1.272029,1.274461,21.802893,21.809763,1.263268,1.289078,21.801266,21.878700,1.248368,1.322686,21.809827,21.799942,1.281812,1.278212,21.814359,21.942473,1.259632,1.271354,21.803895,21.809908
30000,24,16,1.279117,1.304935,21.802433,21.803578,1.306347,1.317959,21.808801,21.836692,1.308899,1.282615,21.804958,22.133438,1.280034,1.319109,21.804585,21.802499,1.319575,1.282387,21.847649,21.806826
30000,24,32,1.275352,1.294676,21.804150,21.803911,1.291579,1.297421,21.803864,21.840913,1.269286,1.276534,21.803269,22.552524,1.292879,1.273700,21.804089,22.099932,1.271853,1.278648,21.810637,22.473545
30000,24,64,1.329289,1.316030,21.805023,21.935878,1.303446,1.320305,21.805088,21.805713,1.287452,1.325016,21.804011,21.802218,1.292967,1.316445,21.802347,21.810365,1.330954,1.307234,21.813047,21.801079
30000,24,128,1.441965,1.373445,21.806778,21.893925,1.380075,1.402382,21.803020,21.842300,1.467601,1.373322,21.804683,21.854916,1.371872,1.450573,21.810661,21.802680,1.395630,1.407401,21.814030,21.803284
30000,24,256,1.544820,1.509714,21.805287,21.801092,1.536484,1.492138,21.820871,21.802483,1.523310,1.490947,21.804674,21.803591,1.539405,1.492755,21.809637,21.814021,1.525320,1.529734,21.803553,21.802625
30000,24,512,1.649805,1.733925,21.805203,21.805312,1.642929,1.738474,21.808075,21.800211,1.639641,1.710282,21.804448,21.872180,1.609527,1.680327,21.813676,21.861064,1.667366,1.698598,21.802196,21.979534
30000,24,1024,2.168553,2.210134,21.804798,21.800527,2.237301,2.331791,21.810962,21.862785,2.152845,2.211283,21.817397,21.906931,2.202952,2.172827,21.813814,21.801861,2.154637,2.206258,21.814194,21.807479
30000,24,2048,3.538952,3.644074,21.804774,21.901240,3.612344,3.440863,21.803411,21.802448,3.531333,3.511249,21.813454,21.875450,3.649573,3.521627,21.802442,21.801801,3.555298,3.657101,21.804667,21.802322
30000,24,4096,6.712109,6.726563,21.797429,22.211133,6.639346,6.689446,21.805189,21.804185,6.606398,6.607724,21.803585,22.229384,6.722206,6.631699,21.804365,22.312121,6.682591,6.676478,21.804056,21.898616
30000,28,1,1.069512,1.081153,21.804113,21.803027,1.075622,1.069647,21.856219,21.990450,1.096181,1.079464,21.805032,22.048404,1.094489,1.091339,21.804365,21.914800,1.070191,1.065348,21.807539,21.886410
30000,28,10,1.094989,1.100425,21.805448,22.554016,1.103098,1.090675,21.814742,21.839994,1.120357,1.083986,21.803478,22.265841,1.085735,1.081248,21.805415,21.815383,1.080912,1.119273,21.803447,21.807247
30000,28,16,1.095913,1.140004,21.806624,21.976895,1.088166,1.105239,21.811222,22.194040,1.121752,1.096560,21.804652,21.806384,1.096660,1.102134,21.803372,21.815905,1.079693,1.090973,21.803588,21.801775
30000,28,32,1.119371,1.117411,21.803845,21.837644,1.121742,1.103059,21.817019,22.245071,1.114077,1.100225,21.803413,21.862337,1.111884,1.101043,21.804014,21.834623,1.120234,1.113180,21.803022,21.801866
30000,28,64,1.122067,1.135063,21.806242,21.801367,1.125763,1.171300,21.819510,21.884321,1.125176,1.169534,21.803211,21.913793,1.128070,1.122461,21.804698,21.815793,1.114991,1.136291,21.804076,22.057500
30000,28,128,1.250568,1.197161,21.804585,21.802853,1.136556,1.233488,21.804525,21.911532,1.131033,1.204126,21.804373,21.810722,1.143148,1.191755,21.805922,21.801337,1.136377,1.199362,21.805498,22.278664
30000,28,256,1.322619,1.330426,21.803861,21.932067,1.393953,1.283451,21.803867,21.802672,1.350552,1.285617,21.806115,21.804388,1.335649,1.283628,21.815192,21.916910,1.334926,1.303319,21.801876,21.979772
30000,28,512,1.582891,1.509195,21.803760,21.901270,1.509135,1.495518,21.803366,21.808440,1.562238,1.513183,21.804565,22.233033,1.516938,1.502071,21.806560,21.804452,1.520990,1.543930,21.804261,22.140223
30000,28,1024,1.941682,1.877054,21.803710,21.810485,1.994970,1.974233,21.804661,21.887520,1.980098,2.029626,21.804152,21.895168,1.978555,1.933636,21.804140,21.802153,1.992150,1.958992,21.804107,21.802515
30000,28,2048,3.511609,3.469849,21.814272,21.802639,3.504387,3.500300,21.805210,21.804444,3.507828,3.552145,21.803753,21.803192,3.455249,3.527910,21.803478,21.804495,3.502021,3.602668,21.803639,21.813625
30000,28,4096,6.607232,6.705581,21.804526,21.801761,6.684208,6.530919,21.808672,22.260903,6.696228,6.571644,21.802390,21.800777,6.584191,6.720537,21.803985,21.807508,6.506916,6.649378,21.802717,22.228305
30000,32,1,0.951261,0.933263,21.804295,21.798235,0.946022,0.941287,21.804246,21.806287,0.950401,0.934767,21.940497,21.800176,0.945460,0.937176,21.820917,21.807701,0.931184,0.951897,21.804846,21.821652
30000,32,10,0.964763,0.954195,21.809123,21.827437,0.963534,0.946426,21.804775,21.804118,0.970438,0.957080,21.802426,21.802696,0.950362,0.940829,21.809442,21.807905,0.957148,0.936131,21.803637,21.801813
30000,32,16,0.953969,0.963263,21.804912,21.813501,0.945212,0.965685,21.804715,21.934119,0.961384,0.963687,21.804231,21.803457,0.949217,0.960499,21.806095,21.837342,0.956399,0.959178,21.805373,21.809388
30000,32,32,0.986048,0.969674,21.801238,21.875976,0.990848,0.980790,21.803602,21.804668,0.976323,0.961476,21.803208,21.803999,0.985656,0.966273,21.811791,21.803234,0.997143,0.972305,21.804261,21.807342
30000,32,64,0.997643,1.000432,21.803959,21.814539,1.004853,0.996395,21.804255,22.062518,1.018045,1.005701,21.803421,21.874015,1.000744,0.995471,21.822702,21.802974,0.996889,0.995330,21.805905,21.806669
30000,32,128,1.016711,1.055841,21.803754,21.811679,1.029813,1.049674,21.804282,21.817844,1.015987,1.066695,21.804626,21.839086,1.017786,1.062707,21.807507,21.801259,1.028316,1.065149,21.802733,21.801073
30000,32,256,1.203502,1.225622,21.804049,21.815425,1.200901,1.211722,21.802586,21.801509,1.233772,1.159048,21.804899,21.810203,1.163368,1.194685,21.812400,21.800191,1.164511,1.180664,21.802919,21.799848
30000,32,512,1.475811,1.418350,21.803131,21.831008,1.427438,1.473720,21.805497,21.801707,1.432410,1.387067,21.802795,21.802109,1.463878,1.460876,21.803829,21.802421,1.511271,1.417032,21.804573,21.880144
30000,32,1024,1.904278,1.993799,21.815749,21.799969,2.017211,1.943124,21.804447,21.800053,1.926592,1.877135,21.803815,21.820708,1.908083,1.930606,21.802782,21.802501,1.946587,1.961259,21.803998,21.803144
30000,32,2048,3.498477,3.606437,21.815810,21.805886,3.448754,3.577226,21.802975,21.869248,3.398859,3.552381,21.809859,21.805223,3.496216,3.585946,21.802801,21.843382,3.455498,3.535945,21.803452,21.813333
30000,32,4096,6.594564,6.638314,21.804487,22.418197,6.553071,6.510121,21.804584,21.809001,6.519861,6.565445,21.805509,21.885273,6.543262,6.526985,21.804017,21.893580,6.542635,6.719537,21.805054,21.884990
30000,36,1,1.002479,0.941815,21.798508,21.901026,1.038131,0.943880,21.797158,22.554579,0.968986,0.941083,21.797043,21.961223,1.027156,0.950267,21.806651,21.848961,0.990165,0.983060,21.797814,22.250954
30000,36,10,0.957605,0.966830,21.798995,21.810933,0.947096,0.951944,21.798455,22.552386,0.966239,0.995067,21.798610,21.804929,0.987660,0.987050,21.815442,22.059625,1.004244,0.962352,21.798833,22.248816
30000,36,16,0.970922,0.961146,21.798305,22.116659,1.020980,0.973348,21.800187,21.801865,0.993700,0.966840,21.799074,22.587332,0.963716,0.948420,21.804774,22.135246,0.960521,0.990482,21.797991,22.334298
30000,36,32,1.011340,0.997836,21.798591,21.812221,1.038370,0.977384,21.797574,22.546788,0.971381,1.009092,21.799540,21.802213,1.022898,0.987704,21.806506,21.801658,1.015099,0.967287,21.798895,22.347088
30000,36,64,1.023588,1.016722,21.801030,21.809655,1.045333,1.013288,21.797907,22.554205,1.031808,1.007970,21.797751,21.813413,1.014624,1.007233,21.799041,22.274226,1.006621,1.034190,21.798206,22.514024
30000,36,128,1.097561,1.083821,21.819261,21.821612,1.045736,1.116148,21.797866,22.113236,1.050441,1.094934,21.799931,21.884074,1.043404,1.125122,21.796859,22.529956,1.046790,1.092407,21.799930,21.822113
30000,36,256,1.147354,1.214830,21.809233,22.150296,1.176071,1.197114,21.800022,22.446076,1.175250,1.272573,21.797765,21.818730,1.194034,1.262350,21.807795,21.849398,1.223764,1.209960,21.798156,21.881334
30000,36,512,1.528764,1.452973,21.814671,21.925751,1.504466,1.495815,21.798303,21.859802,1.530008,1.477070,21.799374,21.807756,1.548375,1.517774,21.798401,22.030935,1.569695,1.513209,21.797720,21.798229
30000,36,1024,2.145968,2.134915,21.797881,21.852153,2.198289,2.107856,21.799799,21.940953,2.139982,2.170033,21.812188,21.798547,2.108103,2.165748,21.798880,22.364435,2.163887,2.205145,21.798855,21.809706
30000,36,2048,3.945841,3.945829,21.798608,21.809738,3.677217,3.578395,21.798378,21.811523,3.853148,3.955749,21.800977,21.798115,3.934808,3.826966,21.797882,21.803833,3.914415,3.948821,21.806196,21.845641
30000,36,4096,7.106662,7.044157,21.798103,21.871416,6.734767,6.589412,21.798192,21.871736,7.205143,6.890851,21.799711,22.440783,6.645435,6.630208,21.798283,21.801825,7.133239,6.857299,21.797877,22.551715
30000,40,1,0.880153,0.869319,21.805160,21.824516,0.909055,0.862641,21.797445,22.075884,0.879751,0.877192,21.798891,21.871107,0.897360,0.887046,21.796651,21.802348,0.857117,0.845171,21.797685,22.350054
30000,40,10,0.877421,0.877162,21.819470,22.547294,0.870279,0.873318,21.798497,21.804490,0.893352,0.870292,21.798794,21.815463,0.899603,0.894316,21.798062,21.827267,0.887191,0.861608,21.799648,21.803764
30000,40,16,0.874933,0.877485,21.818805,22.153036,0.885240,0.884748,21.798922,22.315700,0.887407,0.907136,21.799196,21.919318,0.877498,0.891732,21.798005,22.550522,0.869802,0.881968,21.798252,21.827137
30000,40,32,0.901169,0.894351,21.815578,22.014595,0.872093,0.912273,21.800341,21.852582,0.936502,0.922699,21.798682,21.878682,0.940081,0.926191,21.798912,22.364339,0.949887,0.895669,21.798853,22.555239
30000,40,64,0.947300,0.957084,21.799566,21.820788,0.974404,0.935404,21.799616,22.047546,0.941140,0.926001,21.803849,21.802309,0.974383,0.946817,21.798839,22.338535,0.965585,0.908708,21.798209,22.539161
30000,40,128,0.980521,0.992338,21.798613,21.803648,0.987445,1.029416,21.843527,22.035033,0.984410,0.985876,21.812063,22.216687,0.973430,1.009643,21.800131,21.891820,0.979865,0.985454,21.798483,21.809197
30000,40,256,1.143406,1.160960,21.798206,21.811845,1.094740,1.129933,21.799253,22.034794,1.010363,1.145495,21.819849,22.254381,1.085659,1.161515,21.798542,22.542476,1.009235,1.120000,21.797336,21.834410
30000,40,512,1.473145,1.456111,21.796809,21.871775,1.451750,1.377293,21.798534,21.804279,1.421042,1.422083,21.801302,22.023009,1.482911,1.399624,21.797180,22.409430,1.410409,1.417789,21.799135,21.834040
30000,40,1024,2.187570,2.202019,21.798358,21.796922,2.204352,2.106635,21.798645,21.825251,2.092592,2.200304,21.796924,22.109417,2.091565,2.056891,21.813904,21.879607,2.144962,2.153139,21.802182,21.797171
30000,40,2048,3.658306,3.528485,21.798203,21.831255,3.846960,3.898172,21.798489,21.801611,3.774912,4.002654,21.799578,22.184661,3.721200,3.574981,21.797519,21.810117,3.978338,3.718155,21.799089,22.295179
30000,40,4096,6.750154,6.646034,21.798556,21.893623,6.717959,6.705850,21.796914,21.797004,7.057417,6.751780,21.799139,21.807646,6.614991,6.874197,21.798117,22.503206,6.702963,6.689800,21.798158,21.923620
30000,44,1,0.839233,0.803167,21.805422,21.930041,0.831349,0.792478,21.947810,21.822272,0.821569,0.793498,21.813671,21.819239,0.778299,0.807378,21.805663,21.826117,0.823246,0.792331,21.805534,21.809277
30000,44,10,0.802847,0.785608,21.803792,21.805301,0.809496,0.819717,21.805453,22.089322,0.827579,0.829339,21.815996,21.866790,0.816004,0.784329,21.804462,22.267922,0.812451,0.818450,21.810505,21.809293
30000,44,16,0.850470,0.811332,21.807171,22.467389,0.820045,0.816725,21.805174,22.554726,0.804815,0.825040,21.812101,21.801817,0.836120,0.797549,21.804245,22.007108,0.792342,0.828009,21.805577,21.814700
30000,44,32,0.792841,0.850083,21.804607,22.167128,0.812113,0.809749,21.804303,21.869828,0.819648,0.816960,21.853263,21.802618,0.810172,0.824415,21.808878,22.379989,0.806178,0.843545,21.804940,22.557669
30000,44,64,0.892073,0.854578,21.804795,21.799720,0.872309,0.856562,21.804993,21.950985,0.858825,0.853919,21.816033,21.804387,0.867084,0.854347,21.804650,22.066202,0.869078,0.875791,21.806155,21.874583
30000,44,128,0.913636,0.943542,21.803601,21.879001,0.926880,0.917087,21.804902,21.803407,0.919092,0.927514,21.810201,21.908869,0.924342,0.905099,21.803730,21.930866,0.921742,0.903960,21.805189,21.809922
30000,44,256,0.965397,1.096432,21.804327,22.058052,0.988553,1.089969,21.812950,21.961827,1.006569,1.049736,21.808343,21.806208,0.969573,1.040802,21.804544,21.802240,1.015624,1.071609,21.847527,21.802232
30000,44,512,1.382432,1.337944,21.804597,21.808137,1.355521,1.323656,21.804717,21.817350,1.337808,1.343207,21.804311,21.923907,1.366275,1.330167,21.806315,21.841426,1.392620,1.359170,21.814079,21.885086
30000,44,1024,2.055407,2.169813,21.803543,22.107472,2.020414,2.162450,21.802823,21.814262,2.146010,2.101041,21.804577,21.914493,2.105295,2.121079,21.803162,21.804351,2.025922,2.087380,21.814022,21.808746
30000,44,2048,3.941567,3.563345,21.804556,21.900710,3.730343,3.945067,21.818706,21.845913,3.780605,3.933326,21.805905,22.554078,3.969658,3.675388,21.805104,21.810898,3.645967,3.587659,21.804326,21.875760
30000,44,4096,6.742198,6.855779,21.805486,21.819418,7.109880,6.543717,21.805114,21.802733,6.619042,6.661435,21.806328,21.818639,6.702367,6.504612,21.805439,21.818146,7.102845,6.745908,21.804530,21.811271
30000,48,1,0.734967,0.733849,21.807044,21.801712,0.729902,0.740735,21.805174,22.017573,0.737266,0.730253,21.817423,21.840937,0.757663,0.757191,21.803641,22.100757,0.726013,0.745884,21.804828,21.815745
30000,48,10,0.757943,0.754154,21.803843,21.858660,0.753446,0.736205,21.806037,21.804386,0.747845,0.734719,21.810494,21.801770,0.762720,0.734980,21.805081,21.868660,0.729796,0.747031,21.806122,21.814216
30000,48,16,0.737548,0.763467,21.809499,21.872591,0.744604,0.728033,21.805098,21.801404,0.751247,0.737034,21.843700,21.876680,0.746193,0.737001,21.804484,21.803552,0.732065,0.742321,21.803924,21.813390
30000,48,32,0.757193,0.756927,21.804904,21.885724,0.745407,0.754344,21.804836,22.432215,0.749889,0.748215,21.811350,21.807830,0.729544,0.770460,21.805024,22.554444,0.742751,0.762197,21.806628,21.813580
30000,48,64,0.827788,0.803006,21.805773,21.817209,0.813723,0.782237,21.803969,21.823599,0.842678,0.810547,21.811045,21.805064,0.808904,0.800062,21.805079,21.801877,0.836079,0.796795,21.804379,21.817735
30000,48,128,0.876397,0.854741,21.804199,21.802871,0.874913,0.851417,21.801653,21.870352,0.873648,0.875656,21.804321,21.874121,0.873009,0.854024,21.803703,21.882450,0.877716,0.859586,21.804947,21.804866
30000,48,256,0.938304,1.018254,21.804212,21.805209,0.959760,0.998367,21.804156,21.803522,0.956638,0.988054,21.805138,21.817167,0.929730,1.007350,21.803066,21.832609,0.942292,1.006890,21.814243,21.851201
30000,48,512,1.296838,1.248090,21.804313,22.471220,1.264198,1.317601,21.808321,21.946349,1.257558,1.298763,21.805045,21.802432,1.273740,1.243193,21.802863,21.808009,1.285007,1.242821,21.815117,22.135031
30000,48,1024,2.102330,2.059173,21.805731,21.801620,2.144824,2.128635,21.812816,21.811566,2.081891,2.071934,21.803428,21.952482,2.180870,2.128195,21.804870,21.802045,2.120275,2.126533,21.799359,21.801282
30000,48,2048,3.684220,3.538280,21.944682,21.801725,3.828883,3.663551,21.819466,21.803002,3.786402,3.646948,21.805378,21.926303,3.943985,3.733047,21.805843,21.805269,3.630429,3.621231,21.803443,21.802807
30000,48,4096,6.730815,6.630929,21.804197,21.825222,7.069806,6.658771,21.804811,21.828453,6.507672,6.685320,21.804156,21.808289,6.730052,6.696279,21.804680,21.936382,7.116716,7.178571,21.805163,21.810012
30000,52,1,0.664152,0.658752,21.805303,22.149452,0.661561,0.672401,21.803358,22.197328,0.675353,0.674964,21.857139,21.803076,0.680997,0.668974,21.939924,21.800798,0.664660,0.663601,21.804485,21.811014
30000,52,10,0.681291,0.669341,21.803951,21.803675,0.666328,0.671607,21.803005,22.212992,0.665114,0.689040,21.810325,21.872900,0.667326,0.682048,21.803909,22.288181,0.681755,0.675657,21.802988,21.812402
30000,52,16,0.690134,0.680431,21.803212,21.802137,0.684283,0.686525,21.805294,21.802926,0.695423,0.686721,21.810855,21.876390,0.676198,0.696888,21.805256,21.805964,0.678520,0.683715,21.803976,21.885264
30000,52,32,0.685618,0.691409,21.804727,21.872632,0.705418,0.699180,21.804560,22.333977,0.690086,0.688328,21.897833,21.802946,0.681335,0.702515,21.804613,22.454527,0.689680,0.716532,21.804753,21.921968
30000,52,64,0.725735,0.736969,21.806016,22.553769,0.707616,0.719489,21.805776,21.813516,0.720055,0.721240,21.814551,21.802878,0.708379,0.736505,21.807255,21.802880,0.698788,0.730120,21.804656,21.809511
30000,52,128,0.827136,0.801713,21.805228,21.801207,0.821222,0.810912,21.804106,21.829356,0.829248,0.802586,21.850327,21.833491,0.834845,0.790000,21.799804,21.801984,0.831336,0.811293,21.804559,21.863116
30000,52,256,0.920965,0.937790,21.803175,21.802352,0.916807,0.950370,21.802395,22.326831,0.914011,0.939708,21.816122,22.547038,0.930822,0.954114,21.805247,21.815791,0.915740,0.948658,21.807636,21.802839
30000,52,512,1.198871,1.208285,21.805403,22.230646,1.206989,1.223967,21.804506,21.807813,1.236520,1.185142,21.806051,21.929351,1.227479,1.197582,21.806418,21.847264,1.256091,1.231715,21.822824,22.374677
30000,52,1024,2.160644,2.022145,21.803532,21.804074,2.114173,2.071060,21.812194,21.812005,2.021603,2.101380,21.803096,21.802962,2.104312,2.086938,21.805590,21.801253,2.039831,2.183735,21.848035,21.827572
30000,52,2048,3.865138,3.576627,21.803905,21.802715,3.646510,3.573964,21.816986,21.825505,3.822948,3.463151,21.804886,21.801329,3.511816,3.652619,21.805619,21.810916,3.575735,3.653108,21.806195,22.282987
30000,52,4096,6.962456,7.057028,21.803358,21.914847,6.691393,6.585352,21.804720,21.808505,6.627456,6.667033,21.803875,21.816974,6.834792,6.736117,21.804523,21.801793,6.623051,6.591835,21.804270,21.905359
30000,56,1,0.632191,0.619205,21.804651,21.979075,0.626818,0.624701,21.805303,22.458528,0.633566,0.620034,21.810431,21.797999,0.633876,0.631750,21.805696,22.528049,0.613128,0.619329,21.805176,21.820047
30000,56,10,0.626193,0.636629,21.805162,21.916847,0.627671,0.628590,21.804765,22.554324,0.626615,0.636571,21.811413,21.929813,0.620632,0.627551,21.808896,21.801934,0.623033,0.661155,21.802939,21.808936
30000,56,16,0.639169,0.639751,21.804582,21.801698,0.633174,0.630784,21.803943,21.912174,0.645734,0.641659,21.812028,21.798155,0.649010,0.631517,21.803774,21.802437,0.647942,0.635333,21.804163,22.521979
30000,56,32,0.671502,0.650707,21.807139,21.920661,0.654418,0.664079,21.804820,22.533478,0.661549,0.650567,21.811574,21.812574,0.652552,0.660325,21.809175,22.553732,0.647687,0.679895,21.806052,21.816945
30000,56,64,0.700061,0.685937,21.805201,21.805404,0.655719,0.702669,21.804728,21.827179,0.652406,0.695746,21.810286,21.821557,0.670219,0.687338,21.804089,21.939100,0.677796,0.686722,21.802820,21.812706
30000,56,128,0.782314,0.753185,21.803431,21.829672,0.783215,0.768377,21.803613,21.832321,0.785286,0.757141,21.813043,21.835731,0.782512,0.754795,21.802557,21.843336,0.786249,0.758998,21.804728,21.811095
30000,56,256,0.872836,0.891629,21.803978,21.802478,0.883392,0.889246,21.805030,21.807696,0.876880,0.889061,21.829036,21.802153,0.876907,0.886708,21.803042,21.889816,0.876010,0.883797,21.811269,21.808243
30000,56,512,1.131942,1.138450,21.809395,21.800824,1.149732,1.112283,21.805517,21.992473,1.144259,1.112394,21.808242,21.862302,1.158721,1.137403,21.809070,21.805238,1.160315,1.143359,21.828434,21.802300
30000,56,1024,2.083183,2.050489,21.809346,22.351026,2.137818,2.153514,21.810927,21.814206,2.066039,2.065595,21.805018,21.810436,2.091761,2.173427,21.809881,21.914670,2.021068,2.106770,21.826467,21.802248
30000,56,2048,3.523892,3.797961,21.804424,22.554941,3.639970,3.922770,21.808056,21.806198,3.441021,3.525320,21.808173,21.911216,3.585829,3.572270,21.808881,21.812684,3.518698,3.535961,21.809352,21.931545
30000,56,4096,6.869894,6.561092,21.811967,21.934565,6.627649,7.055539,21.808617,21.816452,6.663734,6.588760,21.811835,21.808269,6.536254,6.544704,21.810189,22.552900,6.512648,6.734586,21.808455,21.810065
30000,60,1,0.589118,0.597582,21.803475,22.552858,0.621120,0.599446,21.809488,21.990491,0.600941,0.609488,21.813646,21.926523,0.603018,0.595045,21.806562,21.956553,0.593863,0.614583,21.810360,21.809695
30000,60,10,0.618176,0.606340,21.803085,21.886291,0.612919,0.602338,21.810613,21.806578,0.627362,0.612164,21.829758,22.168584,0.623518,0.615984,21.809960,21.850964,0.603018,0.584716,21.816352,21.811792
30000,60,16,0.619732,0.603103,21.804673,21.803513,0.603795,0.609194,21.811524,21.929661,0.618109,0.611195,21.828757,21.924505,0.603143,0.594376,21.810444,21.806555,0.608233,0.601744,21.799468,21.940420
30000,60,32,0.658430,0.609004,21.804425,21.799810,0.634712,0.630063,21.809585,21.903833,0.614421,0.649108,21.810190,21.805195,0.619202,0.613924,21.808867,21.894719,0.611239,0.638351,21.804762,21.903959
30000,60,64,0.678261,0.677789,21.804223,21.889043,0.642206,0.663593,21.803682,21.889024,0.673176,0.646264,21.807965,22.291487,0.668972,0.681225,21.805286,22.492378,0.622285,0.663744,21.804094,22.562353
30000,60,128,0.755775,0.736492,21.804239,21.882405,0.745581,0.725271,21.809412,21.913099,0.756896,0.718353,21.814050,21.823211,0.728431,0.723845,21.808542,21.805387,0.734849,0.718610,21.810809,21.971819
30000,60,256,0.870145,0.946533,21.804302,22.084688,0.876040,0.864162,21.809295,21.872408,0.865811,0.878881,21.817023,21.878367,0.850442,0.865781,21.809616,21.803240,0.876652,0.873632,21.810112,21.813252
30000,60,512,1.095238,1.132450,21.804538,21.803333,1.168084,1.098738,21.807009,21.804092,1.107132,1.125280,21.823673,21.849884,1.172705,1.205722,21.804607,22.394684,1.094660,1.109607,21.808322,21.806021
30000,60,1024,2.088881,1.985971,21.809451,21.801331,2.107523,2.030581,21.803106,21.801600,2.163843,2.205530,21.809002,22.555646,2.018788,2.092177,21.810110,21.802718,2.018576,1.963424,21.816238,22.271742
30000,60,2048,3.436667,3.521295,21.810671,22.553148,3.547369,3.704503,21.808807,21.807948,3.935967,3.567095,21.809602,21.823241,3.465433,3.569043,21.811370,22.340996,3.570358,3.541388,21.804687,21.820437
30000,60,4096,6.539138,6.665227,21.804788,21.894002,6.512697,6.506586,21.805153,21.803384,6.516797,6.893960,21.804812,22.720629,6.580598,6.612981,21.804060,21.954846,6.569670,6.570825,21.803754,21.923796
30000,64,1,0.545013,0.539751,21.808498,21.870926,0.540074,0.545245,21.810563,22.553249,0.542804,0.545198,21.813817,21.896446,0.540958,0.543538,21.810558,22.555927,0.543016,0.539438,21.803189,21.929586
30000,64,10,0.550278,0.550358,21.810284,21.806014,0.553735,0.559668,21.809864,21.806464,0.545905,0.559973,21.845603,21.803835,0.550072,0.558858,21.807942,21.804012,0.551698,0.554241,21.805792,21.802848
30000,64,16,0.569456,0.557358,21.808869,21.892153,0.564593,0.556546,21.810961,21.802260,0.566546,0.570517,21.809886,21.804106,0.562220,0.555079,21.809606,21.801483,0.568631,0.557932,21.805131,21.802036
30000,64,32,0.585722,0.585496,21.811618,21.802632,0.571874,0.572904,21.805772,21.802746,0.571266,0.576457,21.804799,21.810848,0.579338,0.588831,21.808192,21.921806,0.575419,0.577434,21.805275,21.801180
30000,64,64,0.586630,0.620414,21.816389,21.807118,0.609520,0.612317,21.805257,21.803560,0.592949,0.609164,21.809478,21.816931,0.585910,0.607992,21.810383,21.801982,0.590753,0.611495,21.803898,21.800932
30000,64,128,0.694732,0.684474,21.829137,21.803330,0.698363,0.676569,21.806308,21.804021,0.695595,0.676597,21.809368,21.907591,0.687068,0.689074,21.807308,21.799984,0.708848,0.682186,21.807666,22.515966
30000,64,256,0.825870,0.834679,21.820234,21.931616,0.841976,0.835666,21.803529,21.895039,0.859143,0.824998,21.809343,21.820831,0.824169,0.835125,21.808841,21.801417,0.835140,0.820765,21.806873,22.083537
30000,64,512,1.115743,1.133079,21.809069,21.879397,1.160023,1.132011,21.813649,21.801310,1.109712,1.140223,21.817553,21.804924,1.078117,1.103593,21.809441,21.839240,1.105408,1.109939,21.810512,21.839125
30000,64,1024,2.051318,2.015861,21.807223,21.892588,2.026328,2.045641,21.809812,21.807048,1.967259,2.165013,21.826691,21.802374,2.072077,2.001717,21.808504,21.903351,1.989359,1.973818,21.808714,21.818220
30000,64,2048,3.562076,3.494982,21.810579,21.804184,3.491756,3.547128,21.804658,21.815686,3.596531,3.684956,21.802296,21.804731,3.506866,3.508997,21.805627,22.206752,3.574591,3.417535,21.807708,21.802902
30000,64,4096,6.618542,6.841372,21.802168,21.807249,6.786206,6.546210,21.884009,21.804954,6.579203,6.566244,21.806689,21.887295,6.574277,6.518791,21.835194,21.803973,6.572932,6.667079,21.844744,22.511594
100000,1,1,314.838320,315.231970,267.649570,267.710521,314.860825,315.563211,267.759007,267.692090,314.832404,314.915179,267.733386,267.771083,314.863897,314.895878,267.682443,267.684787,314.940622,314.990278,267.695963,267.718159
100000,1,10,314.881850,314.834737,267.725077,267.677536,314.843823,315.711952,267.705523,267.805779,314.831037,314.991046,267.702104,267.735740,314.896697,315.251946,267.744769,267.736595,314.929041,315.116638,267.709890,269.186949
100000,1,16,314.845061,314.884428,267.755270,267.694262,314.944634,316.274338,267.736507,267.721830,314.913796,315.197407,267.739034,267.723100,314.852464,314.852174,267.701932,268.516607,314.927421,315.704878,267.683994,267.798379
100000,1,32,314.893414,315.030680,267.716996,267.743863,314.858298,314.806821,267.734120,267.715697,314.875938,314.786491,267.675794,267.791152,314.914320,314.888818,267.729516,268.423868,314.850685,314.845588,267.727158,267.786523
100000,1,64,315.083971,314.833675,267.763378,268.452823,314.929487,314.800634,267.693630,267.745270,314.870819,315.553781,267.702422,267.748412,314.937378,315.687386,267.689879,267.680040,315.082629,314.790061,267.816988,267.684267
100000,1,128,314.832847,314.864072,267.694859,267.776225,314.942968,317.347914,267.702316,267.713902,314.933247,316.146255,267.737867,267.739838,314.927008,314.888140,267.774616,267.677774,314.829305,314.877852,267.722603,268.423038
100000,1,256,314.854903,314.970322,267.820498,267.690037,315.181006,314.882457,267.720375,267.702927,315.669265,314.902123,267.833435,267.740161,314.942407,314.896651,267.720678,267.716140,315.722633,314.910873,267.707871,267.775470
100000,1,512,315.600244,314.837718,267.778070,267.710171,315.905961,314.890468,269.258218,267.744969,315.710136,314.925787,268.535022,267.704455,314.905100,314.872725,267.749307,267.727670,314.915414,314.971434,267.722945,267.733641
100000,1,1024,316.140532,314.889605,267.722490,267.814174,314.891603,314.914688,267.691377,267.720830,314.809979,314.891978,267.716748,267.725605,315.673270,314.876865,268.487848,267.713836,315.968064,314.940355,267.693090,267.764526
100000,1,2048,314.812096,314.965990,267.823988,267.723663,314.845594,314.975146,267.700873,267.693561,315.211639,314.899644,267.688463,267.720613,315.924179,314.938239,267.775822,267.801915,314.812449,314.907686,268.443470,267.700552
100000,1,4096,314.920388,314.901656,267.710654,267.713158,314.873587,314.827622,267.778336,267.680802,315.532062,314.886147,268.449433,267.779019,315.627499,314.942634,267.730662,267.694852,314.882697,314.912426,268.499197,267.702802
100000,2,1,170.438544,169.244982,267.647298,267.658271,170.531052,169.248581,267.733119,267.726885,169.984536,169.340622,267.667339,267.713226,170.127896,169.677805,267.739071,267.690450,169.763879,168.904876,267.694754,267.706679
100000,2,10,169.780339,169.493938,267.747064,267.682322,170.832263,169.472918,267.668615,267.691650,170.308471,169.175101,268.426799,267.896069,169.546946,169.210515,267.772040,267.681576,170.587808,169.277069,267.678645,267.697579
100000,2,16,170.329955,168.884181,267.765989,267.699960,170.287335,169.153637,267.681184,267.610338,170.216124,169.684643,267.736142,267.641892,170.591529,168.993439,267.690899,267.709482,169.948877,168.743019,268.564687,267.682345
100000,2,32,170.091890,168.914770,267.701935,267.664435,170.217522,169.201241,267.683465,267.704401,170.189990,168.999026,267.688576,267.688783,170.087805,169.579207,267.704235,267.797617,170.391377,168.893575,267.610549,267.661703
100000,2,64,169.954138,169.256082,268.418644,267.768748,170.837383,169.648085,267.614397,267.719984,170.096761,169.322609,267.658589,267.610526,170.686024,169.443512,269.130606,267.721720,170.894421,169.375128,268.474595,267.700140
100000,2,128,170.437757,169.625290,268.442334,267.724070,170.379412,169.261733,268.398161,267.730684,170.243985,169.297396,268.541652,267.711585,169.882541,169.804913,267.698089,267.744857,170.605886,168.929533,267.650207,267.732812
100000,2,256,170.144333,169.079611,267.746495,267.682647,170.952328,169.620381,267.654106,267.710939,170.471173,169.253313,268.490980,267.713013,170.418042,169.172104,268.344178,267.744604,170.015176,169.217691,268.333243,267.717021
100000,2,512,170.875484,169.490299,267.640464,267.716359,170.326859,169.368880,267.722705,267.718037,180.416800,169.347218,267.629815,268.131230,170.564673,168.852706,267.693253,267.784633,170.245258,169.101809,267.704089,267.752176
100000,2,1024,170.588866,169.457668,267.729160,267.764381,170.908874,169.478644,267.729233,267.751266,170.603173,169.204964,267.717562,267.727178,170.462998,169.426132,267.723607,267.703258,170.867291,169.273415,267.667564,267.725158
100000,2,2048,173.291468,171.084830,267.890959,267.653810,172.474647,171.166441,267.691807,267.693219,172.709156,170.899081,267.658607,267.695485,172.429963,171.013417,267.683922,267.709210,172.533748,171.007016,267.691095,267.716300
100000,2,4096,172.676193,169.829262,267.666202,267.773462,172.617692,170.304822,267.692456,267.749525,173.024712,170.178675,267.731083,267.701783,173.168091,170.159712,268.407874,267.742148,172.904149,169.881556,268.426773,267.657270
100000,4,1,95.482784,94.131851,267.665660,267.652807,96.134683,94.428577,267.704409,267.708802,95.445659,94.204713,269.135462,267.696946,95.176158,95.090986,268.391569,267.681438,96.481800,94.189205,268.901545,267.689869
100000,4,10,96.599093,93.504462,268.192365,267.687616,96.827124,94.043106,268.463642,267.799350,95.776618,94.818562,267.361724,267.703122,96.218266,93.948381,267.668338,267.689925,95.198091,94.319770,267.656116,267.739542
100000,4,16,94.938762,94.432966,267.739754,267.631402,96.639787,93.733730,267.693764,267.586790,95.443490,93.429713,267.509088,267.618292,96.230746,93.508406,267.663408,267.658930,97.110100,94.716004,269.179446,267.678558
100000,4,32,95.637999,94.114945,267.599636,267.670133,95.321291,94.688205,267.585715,267.701493,96.569482,93.984661,267.646298,267.745125,97.179572,94.169433,267.617776,267.703317,96.260165,94.995877,268.326032,267.632678
100000,4,64,96.872101,94.080217,268.389503,267.650534,96.842056,94.458331,267.629359,267.709058,95.185162,94.667835,267.406623,267.688166,94.744394,95.303995,267.663339,267.621379,96.169746,93.961093,267.745814,267.680817
100000,4,128,96.644081,93.236626,268.549879,267.571239,96.552743,93.764968,267.429141,267.620526,95.644081,94.080178,268.332278,267.634753,96.240978,95.519888,269.063655,267.626737,95.780396,94.082553,268.811021,267.622246
100000,4,256,96.354658,94.322992,269.116937,267.704054,97.176288,95.238082,268.391708,267.665792,96.921868,94.663760,267.650262,267.626065,96.913412,94.599879,268.934388,267.641809,94.835098,95.675125,267.442275,267.636690
100000,4,512,95.616061,95.093586,267.875875,267.706967,97.199313,95.254937,268.189389,267.645053,96.244179,94.271439,267.698701,267.656385,97.561034,94.260596,268.906422,267.739099,96.464410,94.610289,267.396723,267.649917
100000,4,1024,99.059342,95.561838,267.689592,267.708451,97.939823,95.594774,267.676667,267.603125,98.308855,96.296464,267.630329,267.621992,99.438662,95.551724,268.368697,267.616076,99.078574,95.486803,267.662491,267.740852
100000,4,2048,99.754495,97.093544,268.136895,267.687049,98.316606,96.529814,268.966961,267.665252,98.057886,97.030307,268.437935,267.688952,97.981009,96.167546,268.901424,267.650165,98.621228,97.266474,267.492043,267.630365
100000,4,4096,107.982468,100.184970,268.206106,267.718739,109.598150,100.209129,269.196748,267.743957,107.049369,99.732388,267.657580,267.690174,108.154088,99.592172,267.751836,267.623996,107.679447,99.879532,267.631179,267.713367
100000,8,1,49.997826,49.973958,268.195614,267.810006,49.912404,49.972304,268.452573,267.692588,49.960123,49.977993,267.714831,267.643673,49.967766,49.986350,267.637736,267.692044,50.010666,50.027786,269.111488,267.494035
100000,8,10,50.025054,50.058309,267.587280,267.689442,50.049344,49.982177,267.600189,267.674578,50.004069,50.000124,267.625553,267.461193,50.001942,50.052090,268.070424,267.687908,49.996512,50.015364,268.317444,267.737089
100000,8,16,50.058930,49.963983,267.458866,267.386474,50.023085,50.018268,267.575693,267.371218,50.091870,50.079521,267.552426,267.357783,50.082326,50.032860,267.343921,267.506073,49.948641,50.002149,267.643499,267.569963
100000,8,32,50.049815,50.047650,268.391074,267.442540,50.097168,50.101898,267.726370,267.606044,50.086243,50.074042,267.661232,267.676504,50.105957,50.146404,268.834286,267.661437,50.073061,50.077701,267.341099,267.694228
100000,8,64,50.116137,50.193139,267.588257,267.752289,50.111482,50.263136,269.921290,267.716874,50.126385,50.120842,268.311373,267.693894,50.092478,50.169475,267.353580,267.679991,50.204471,50.168458,267.321078,267.658798
100000,8,128,50.529026,50.300807,268.083687,267.741108,50.517434,50.352493,268.412908,267.703081,50.544394,50.464557,268.317808,267.602437,50.458182,50.401690,267.631408,267.366097,50.466397,50.345640,268.319364,267.663311
100000,8,256,50.867644,50.551671,268.103181,267.357115,50.930538,50.844294,269.062140,267.409848,50.747650,50.527834,269.038629,267.348767,50.835871,50.591445,267.585791,267.638652,50.786406,50.558290,268.138356,267.628693
100000,8,512,50.694302,51.357226,268.348351,267.676317,50.700024,51.628934,268.316003,267.305667,50.746128,51.523595,268.366709,267.650471,50.728458,51.335807,267.674741,267.613342,50.673557,51.482287,270.551956,267.389897
100000,8,1024,53.505445,52.527298,267.612268,267.401009,53.704936,53.028004,267.722222,267.589427,53.410065,52.527163,267.581598,267.621743,53.798259,52.795041,267.615352,267.657376,53.652089,52.509435,268.314876,267.557102
100000,8,2048,56.808211,55.001176,269.147753,267.441893,56.769089,54.904598,268.896485,267.446437,56.905987,54.808061,268.066320,267.451454,57.079401,55.060464,267.401500,267.597548,56.899860,55.137542,269.092260,267.463067
100000,8,4096,58.156238,60.924099,267.349772,267.640102,58.103562,60.943296,267.609399,267.625381,58.078404,60.979509,267.665571,267.320441,58.002406,61.022615,267.564514,267.332419,58.219172,61.310181,269.699441,267.679968
100000,12,1,27.415945,27.291637,270.325689,267.197837,27.311849,27.381952,269.436853,267.174804,27.546790,27.375279,270.976160,267.182794,27.469867,27.310660,271.618287,267.092238,27.463304,27.317731,270.465587,267.100583
100000,12,10,27.552045,27.314023,271.027706,267.174826,27.347119,27.429231,267.084202,267.182793,27.516796,27.327013,271.199358,267.080128,27.466343,27.317040,269.361459,267.090460,27.479592,27.365128,274.701749,267.209861
100000,12,16,27.430371,27.323328,272.568224,267.190110,27.460742,27.367363,269.540926,267.160187,27.496005,27.390794,270.522349,267.172868,27.460591,27.325274,269.664416,267.196839,27.393891,27.374907,270.363012,267.080304
100000,12,32,27.472440,27.471553,274.932965,267.176083,27.567059,27.515072,269.197788,267.087265,27.501201,27.460057,269.572346,267.187321,27.481826,27.395295,268.211902,267.198083,27.438267,27.397113,272.152379,267.193076
100000,12,64,27.565408,27.563311,269.284925,267.177872,27.529661,27.488422,272.814620,267.161909,27.477751,27.548159,270.949412,267.177779,27.664913,27.395013,270.508458,267.161702,27.606493,27.509763,269.794950,267.174788
100000,12,128,27.881959,27.775243,270.414494,267.178764,27.684025,27.704425,269.682727,267.160880,27.598485,27.659939,271.069741,267.202110,27.785959,27.733716,269.493077,267.192180,27.657512,27.670501,269.063503,267.190575
100000,12,256,28.308435,27.851862,272.004920,267.192717,28.497170,27.937912,269.322071,267.211507,28.107201,27.813328,269.458042,267.105221,28.419797,27.914960,272.650815,267.249449,28.427678,28.084804,272.456566,267.093843
100000,12,512,28.807563,28.908335,271.291702,267.203350,28.733564,28.372078,269.311333,267.117147,29.069066,28.934816,271.038019,267.208570,28.944807,28.789227,269.325842,267.191064,28.951492,28.700503,270.698386,267.125193
100000,12,1024,28.945251,29.375384,273.132755,267.121137,29.278672,30.707427,270.200088,267.198324,29.633127,30.692134,271.860120,267.203394,29.200215,30.123372,269.890619,267.202955,28.872894,30.333908,270.102484,267.212729
100000,12,2048,35.645548,33.381172,272.066257,267.200874,35.219589,32.627336,270.833440,267.216007,35.973005,32.648764,269.551693,267.109214,34.502761,32.047047,271.291342,267.073288,35.101406,32.396985,269.813978,267.075308
100000,12,4096,40.304302,38.514387,271.027954,267.185200,40.193106,37.574309,268.881846,267.056687,39.772555,37.565466,268.619590,267.162143,40.423091,38.303806,274.965274,267.202148,40.093988,39.988809,269.289127,267.209256
100000,16,1,20.729395,20.738751,271.144194,267.103899,20.762911,20.631512,270.408512,267.178530,20.785255,20.668102,272.155230,267.184514,20.789863,20.732262,271.335809,267.163320,20.732023,20.644187,271.654943,267.116823
100000,16,10,20.832794,20.783456,272.091323,267.164547,20.755699,20.763240,269.862265,267.175166,20.787277,20.764559,273.715543,267.094471,20.777102,20.735528,272.727713,267.081522,20.894655,20.716193,271.027172,267.199430
100000,16,16,20.817645,20.812164,271.162217,267.208528,20.822629,20.784295,269.641786,267.094869,20.738134,20.704489,270.565752,267.067085,20.758510,20.737429,268.764756,267.141793,20.769334,20.796080,269.470071,267.189061
100000,16,32,20.762910,20.740011,271.479353,267.195834,20.889765,20.796182,269.033068,267.081932,20.827668,20.831447,270.118511,267.194833,20.790604,20.779374,273.418562,267.201408,20.803732,20.781965,270.952175,267.173232
100000,16,64,20.992617,20.893435,272.546004,267.086202,20.893671,20.967227,269.615417,267.111573,21.002945,20.843502,269.665202,267.183650,20.978137,20.859337,272.187105,267.180551,21.004922,20.915242,272.946781,267.199078
100000,16,128,21.094806,20.991867,270.661252,267.174114,21.161576,21.070991,273.207690,267.161555,21.091108,21.090655,272.444795,267.120892,21.034649,21.231994,271.260111,267.095478,21.060285,21.104665,270.386806,267.116943
100000,16,256,21.070979,21.410236,269.899899,267.123680,21.155798,21.526229,269.853076,267.148817,21.011618,21.467182,270.352800,267.185382,21.220334,21.415741,269.273482,267.175118,21.253871,21.450321,271.062754,267.173628
100000,16,512,22.604445,22.353242,271.329975,267.189922,22.716810,22.050866,272.486512,267.087170,22.473424,22.006720,272.466549,267.178258,22.727034,22.279242,271.172170,267.134602,22.737931,22.281964,272.053938,267.182157
100000,16,1024,24.119086,23.300321,271.423881,267.079460,23.663238,23.731430,272.699766,267.188328,23.469763,23.782378,269.664936,267.730302,23.747577,23.833501,271.540973,267.155953,23.561728,23.335146,270.964780,267.166422
100000,16,2048,24.840896,25.962404,273.495202,267.171229,24.519309,26.166642,272.667974,267.097550,24.614955,27.068879,271.829274,267.170261,24.798042,26.181367,269.492872,267.163964,24.045180,26.019743,272.520909,267.103302
100000,16,4096,34.451670,34.408886,272.802436,267.176076,34.073285,34.512561,269.758487,267.116664,34.749511,33.929232,272.651811,267.070748,34.345768,34.550660,270.688758,267.155175,34.177014,34.629530,269.582236,267.173233
100000,20,1,16.946859,16.919339,271.432173,267.176404,16.890423,16.897657,270.407699,267.170038,16.959101,16.903106,272.217349,267.168169,17.422210,16.917682,271.178210,267.103754,16.914323,16.905725,268.418768,267.238703
100000,20,10,16.906973,16.944627,273.328448,267.099336,16.922623,16.930460,268.864785,267.176408,16.950143,17.083009,271.055819,267.178752,16.960467,16.935920,267.973835,268.242168,17.452902,17.077324,269.122265,270.482536
100000,20,16,16.948078,18.644744,270.041111,267.405502,16.944437,18.488263,272.267572,269.287605,16.972825,17.484409,272.397298,267.367732,16.946579,17.835944,272.224306,267.097780,16.954648,16.939491,272.504007,267.068762
100000,20,32,16.958768,16.974937,268.017579,271.108852,18.044638,17.629822,268.495395,267.231608,17.005022,17.801020,
